
****** Vivado v2023.2 (64-bit)
  **** SW Build 4029153 on Fri Oct 13 20:13:54 MDT 2023
  **** IP Build 4028589 on Sat Oct 14 00:45:43 MDT 2023
  **** SharedData Build 4025554 on Tue Oct 10 17:18:54 MDT 2023
    ** Copyright 1986-2022 Xilinx, Inc. All Rights Reserved.
    ** Copyright 2022-2023 Advanced Micro Devices, Inc. All Rights Reserved.

source /home/geekpie/work/build-loongson-system-linux-usb.tcl
# if {$argc != 4} {
#     puts stderr "usage: build-loongson-system-linux.tcl <system_run.xpr> <artifact_dir> <cpu_mhz> <uncore_mhz>"
#     exit 2
# }
# set project_path [file normalize [lindex $argv 0]]
# set artifact_dir [file normalize [lindex $argv 1]]
# set cpu_mhz [lindex $argv 2]
# set uncore_mhz [lindex $argv 3]
# set project_dir [file dirname $project_path]
# set chiplab_root [file normalize [file join $project_dir .. .. ..]]
# set cpu_dir [file join $chiplab_root IP myCPU]
# proc require_file {path label} {
#     if {![file isfile $path]} {
#         return -code error "$label does not exist: $path"
#     }
# }
# proc require_one {objects label} {
#     if {[llength $objects] != 1} {
#         return -code error "expected one $label, found [llength $objects]"
#     }
#     return [lindex $objects 0]
# }
# if {![string is double -strict $cpu_mhz] || $cpu_mhz <= 0.0} {
#     puts stderr "invalid CPU frequency: $cpu_mhz"
#     exit 2
# }
# if {![string is double -strict $uncore_mhz] || $uncore_mhz <= 0.0} {
#     puts stderr "invalid uncore frequency: $uncore_mhz"
#     exit 2
# }
# set exit_code 0
# if {[catch {
#     require_file $project_path "Vivado project"
#     require_file [file join $cpu_dir mycpu_top.v] "CPU RTL"
#     require_file [file join $cpu_dir mycpu.h] "CPU header"
#     require_file [file join $cpu_dir xilinx_ip sram data_bank_sram.xcix] "data-bank SRAM IP"
#     require_file [file join $cpu_dir xilinx_ip sram tagv_sram.xcix] "tag SRAM IP"
# 
#     file mkdir $artifact_dir
#     open_project $project_path
# 
#     if {[get_property PART [current_project]] ne "xc7a200tfbg676-2"} {
#         return -code error "unexpected FPGA part: [get_property PART [current_project]]"
#     }
#     set_property top soc_top [current_fileset]
# 
#     add_files -scan_for_includes $cpu_dir
#     foreach peripheral_source [list \
#         [file join $chiplab_root IP APB_DEV chiplab_ps2_rx.v] \
#         [file join $chiplab_root IP APB_DEV nt35510_apb_adapter.v] \
#         [file join $chiplab_root IP APB_DEV USB apb_usbh_bridge.v] \
#         [file join $chiplab_root IP APB_DEV USB usbh_top.v] \
#         [file join $chiplab_root IP APB_DEV USB usbh_host.v] \
#         [file join $chiplab_root IP APB_DEV USB usbh_host_defs.v] \
#         [file join $chiplab_root IP APB_DEV USB usbh_sie.v] \
#         [file join $chiplab_root IP APB_DEV USB usbh_fifo.v] \
#         [file join $chiplab_root IP APB_DEV USB usbh_crc16.v] \
#         [file join $chiplab_root IP APB_DEV USB usbh_crc5.v]] {
#         require_file $peripheral_source "board peripheral source"
#         add_files -norecurse $peripheral_source
#     }
#     update_compile_order -fileset sources_1
#     set cpu_rtl [require_one [get_files -quiet */IP/myCPU/mycpu_top.v] "CPU RTL source"]
#     puts "CPU_RTL=$cpu_rtl"
# 
#     set clock_ip [require_one [get_ips -quiet clk_pll_33] "clk_pll_33 IP"]
#     set_property -dict [list \
#         CONFIG.CLKOUT1_REQUESTED_OUT_FREQ $cpu_mhz \
#         CONFIG.CLKOUT2_REQUESTED_OUT_FREQ $uncore_mhz] $clock_ip
#     generate_target all $clock_ip
#     puts "CLOCK_CPU_MHZ=[get_property CONFIG.CLKOUT1_REQUESTED_OUT_FREQ $clock_ip]"
#     puts "CLOCK_UNCORE_MHZ=[get_property CONFIG.CLKOUT2_REQUESTED_OUT_FREQ $clock_ip]"
# 
#     set locked_ips [get_ips -quiet -filter {IS_LOCKED == 1}]
#     if {[llength $locked_ips] > 0} {
#         puts "UPGRADING_LOCKED_IPS=[join $locked_ips ,]"
#         upgrade_ip $locked_ips
#     }
#     generate_target all [get_ips]
#     report_ip_status -file [file join $artifact_dir ip-status.txt]
# 
#     set_property strategy Flow_PerfOptimized_high [get_runs synth_1]
#     set_property strategy Performance_Explore [get_runs impl_1]
#     reset_run synth_1
#     reset_run impl_1
#     launch_runs impl_1 -to_step write_bitstream -jobs 32
#     wait_on_run impl_1
# 
#     set run_status [get_property STATUS [get_runs impl_1]]
#     set run_progress [get_property PROGRESS [get_runs impl_1]]
#     puts "IMPL_STATUS=$run_status"
#     puts "IMPL_PROGRESS=$run_progress"
#     if {$run_progress ne "100%" || [string first "Complete" $run_status] < 0} {
#         return -code error "implementation did not complete: status=$run_status progress=$run_progress"
#     }
# 
#     open_run impl_1
#     report_timing_summary -delay_type min_max -report_unconstrained -check_timing_verbose \
#         -max_paths 20 -input_pins -file [file join $artifact_dir timing-summary.txt]
#     report_utilization -hierarchical -file [file join $artifact_dir utilization.txt]
#     report_clock_utilization -file [file join $artifact_dir clock-utilization.txt]
#     report_drc -file [file join $artifact_dir drc.txt]
#     report_methodology -file [file join $artifact_dir methodology.txt]
#     write_checkpoint -force [file join $artifact_dir soc_top-routed.dcp]
# 
#     set wns [get_property STATS.WNS [get_runs impl_1]]
#     set tns [get_property STATS.TNS [get_runs impl_1]]
#     set drc_errors [llength [get_drc_violations -quiet -filter {SEVERITY == Error}]]
#     puts "WNS=$wns"
#     puts "TNS=$tns"
#     puts "DRC_ERRORS=$drc_errors"
#     if {$wns < 0.0} {
#         return -code error "timing not met: WNS=$wns TNS=$tns"
#     }
#     if {$drc_errors != 0} {
#         return -code error "DRC reports $drc_errors error violations"
#     }
# 
#     set cpu_tag [string map {. p} $cpu_mhz]
#     set uncore_tag [string map {. p} $uncore_mhz]
#     set bit_name "soc_top-ad6551-cpu${cpu_tag}-uncore${uncore_tag}.bit"
#     set bit_path [file join $project_dir system_run.runs impl_1 soc_top.bit]
#     require_file $bit_path "system bitstream"
#     file copy -force $bit_path [file join $artifact_dir $bit_name]
# 
#     set ltx_candidates [glob -nocomplain [file join $project_dir system_run.runs impl_1 *.ltx]]
#     foreach ltx $ltx_candidates {
#         file copy -force $ltx [file join $artifact_dir [file tail $ltx]]
#     }
# 
#     puts "BITSTREAM=[file join $artifact_dir $bit_name]"
# } message options]} {
#     puts stderr "ERROR=$message"
#     if {[dict exists $options -errorinfo]} {
#         puts stderr "DETAIL=[dict get $options -errorinfo]"
#     }
#     set exit_code 30
# }
INFO: [Project 1-313] Project file moved from '/home/geekpie/work/chiplab-system-ad6551-linux-display-20260719/fpga/loongson/2023.2' since last save.
INFO: [filemgmt 56-3] Default IP Output Path : Could not find the directory '/home/geekpie/work/chiplab-usb-20260722/fpga/loongson/2023.2/system_run.gen/sources_1'.
WARNING: [filemgmt 56-3] IPUserFilesDir: Could not find the directory '/home/geekpie/work/chiplab-usb-20260722/fpga/loongson/2023.2/system_run.ip_user_files'.
Scanning sources...
Finished scanning sources
INFO: [IP_Flow 19-234] Refreshing IP repositories
INFO: [IP_Flow 19-1704] No user IP repositories specified
INFO: [IP_Flow 19-2313] Loaded Vivado IP repository '/home/geekpie/opt/Xilinx/Vivado/2023.2/data/ip'.
open_project: Time (s): cpu = 00:00:09 ; elapsed = 00:00:09 . Memory (MB): peak = 1315.746 ; gain = 0.023 ; free physical = 637195 ; free virtual = 1011181
WARNING: [filemgmt 56-12] File '/home/geekpie/work/chiplab-usb-20260722/IP/myCPU/mycpu.h' cannot be added to the project because it already exists in the project, skipping this file
WARNING: [filemgmt 56-12] File '/home/geekpie/work/chiplab-usb-20260722/IP/myCPU/mycpu_top.v' cannot be added to the project because it already exists in the project, skipping this file
INFO: [filemgmt 56-200] Setting project included file '/home/geekpie/work/chiplab-usb-20260722/IP/APB_DEV/USB/usbh_host_defs.v' to type 'Verilog Header'.
WARNING: [filemgmt 56-12] File '/home/geekpie/work/chiplab-usb-20260722/IP/APB_DEV/chiplab_ps2_rx.v' cannot be added to the project because it already exists in the project, skipping this file
WARNING: [filemgmt 56-12] File '/home/geekpie/work/chiplab-usb-20260722/IP/APB_DEV/nt35510_apb_adapter.v' cannot be added to the project because it already exists in the project, skipping this file
WARNING: [filemgmt 56-12] File '/home/geekpie/work/chiplab-usb-20260722/IP/APB_DEV/USB/apb_usbh_bridge.v' cannot be added to the project because it already exists in the project, skipping this file
WARNING: [filemgmt 56-12] File '/home/geekpie/work/chiplab-usb-20260722/IP/APB_DEV/USB/usbh_top.v' cannot be added to the project because it already exists in the project, skipping this file
WARNING: [filemgmt 56-12] File '/home/geekpie/work/chiplab-usb-20260722/IP/APB_DEV/USB/usbh_host.v' cannot be added to the project because it already exists in the project, skipping this file
WARNING: [filemgmt 56-12] File '/home/geekpie/work/chiplab-usb-20260722/IP/APB_DEV/USB/usbh_host_defs.v' cannot be added to the project because it already exists in the project, skipping this file
WARNING: [filemgmt 56-12] File '/home/geekpie/work/chiplab-usb-20260722/IP/APB_DEV/USB/usbh_sie.v' cannot be added to the project because it already exists in the project, skipping this file
WARNING: [filemgmt 56-12] File '/home/geekpie/work/chiplab-usb-20260722/IP/APB_DEV/USB/usbh_fifo.v' cannot be added to the project because it already exists in the project, skipping this file
WARNING: [filemgmt 56-12] File '/home/geekpie/work/chiplab-usb-20260722/IP/APB_DEV/USB/usbh_crc16.v' cannot be added to the project because it already exists in the project, skipping this file
WARNING: [filemgmt 56-12] File '/home/geekpie/work/chiplab-usb-20260722/IP/APB_DEV/USB/usbh_crc5.v' cannot be added to the project because it already exists in the project, skipping this file
CPU_RTL=/home/geekpie/work/chiplab-usb-20260722/IP/myCPU/mycpu_top.v
CLOCK_CPU_MHZ=40
CLOCK_UNCORE_MHZ=100
[Wed Jul 22 03:25:16 2026] Launched synth_1...
Run output will be captured here: /home/geekpie/work/chiplab-usb-20260722/fpga/loongson/2023.2/system_run.runs/synth_1/runme.log
[Wed Jul 22 03:25:16 2026] Launched impl_1...
Run output will be captured here: /home/geekpie/work/chiplab-usb-20260722/fpga/loongson/2023.2/system_run.runs/impl_1/runme.log
[Wed Jul 22 03:25:16 2026] Waiting for impl_1 to finish...

*** Running vivado
    with args -log soc_top.vdi -applog -m64 -product Vivado -messageDb vivado.pb -mode batch -source soc_top.tcl -notrace


****** Vivado v2023.2 (64-bit)
  **** SW Build 4029153 on Fri Oct 13 20:13:54 MDT 2023
  **** IP Build 4028589 on Sat Oct 14 00:45:43 MDT 2023
  **** SharedData Build 4025554 on Tue Oct 10 17:18:54 MDT 2023
    ** Copyright 1986-2022 Xilinx, Inc. All Rights Reserved.
    ** Copyright 2022-2023 Advanced Micro Devices, Inc. All Rights Reserved.

source soc_top.tcl -notrace
create_project: Time (s): cpu = 00:00:07 ; elapsed = 00:00:07 . Memory (MB): peak = 1316.750 ; gain = 0.023 ; free physical = 636970 ; free virtual = 1010850
Command: link_design -top soc_top -part xc7a200tfbg676-2
Design is defaulting to srcset: sources_1
Design is defaulting to constrset: constrs_1
INFO: [Device 21-403] Loading part xc7a200tfbg676-2
INFO: [Project 1-454] Reading design checkpoint '/home/geekpie/work/chiplab-usb-20260722/fpga/loongson/2023.2/system_run.runs/impl_1/.Xil/Vivado-763957-epyc2/axi_clock_converter_0/axi_clock_converter_0.dcp' for cell 'AXI_CLK_CONVERTER'
INFO: [Project 1-454] Reading design checkpoint '/home/geekpie/work/chiplab-usb-20260722/IP/xilinx_ip/2023.2/clk_wiz_0_loongson/clk_wiz_0.dcp' for cell 'clk_pll_1'
INFO: [Project 1-454] Reading design checkpoint '/home/geekpie/work/chiplab-usb-20260722/IP/xilinx_ip/2023.2/clk_pll_33/clk_pll_33.dcp' for cell 'clk_pll_33'
INFO: [Project 1-454] Reading design checkpoint '/home/geekpie/work/chiplab-usb-20260722/IP/xilinx_ip/2023.2/mig_axi_32_loongson/mig_axi_32.dcp' for cell 'mig_axi'
INFO: [Project 1-454] Reading design checkpoint '/home/geekpie/work/chiplab-usb-20260722/IP/xilinx_ip/2023.2/axi_interconnect_0/axi_interconnect_0.dcp' for cell 'mig_axi_interconnect'
INFO: [Project 1-454] Reading design checkpoint '/home/geekpie/work/chiplab-usb-20260722/IP/xilinx_ip/2023.2/axi_2x1_mux/axi_2x1_mux.dcp' for cell 'u_axi_2x1_mux'
INFO: [Project 1-454] Reading design checkpoint '/home/geekpie/work/chiplab-usb-20260722/IP/xilinx_ip/2023.2/dpram_512x32/dpram_512x32.dcp' for cell 'ETHERNET_TOP/dpram_512x32_rx'
Netlist sorting complete. Time (s): cpu = 00:00:00.5 ; elapsed = 00:00:00.5 . Memory (MB): peak = 1784.852 ; gain = 0.000 ; free physical = 636526 ; free virtual = 1010408
INFO: [Netlist 29-17] Analyzing 3839 Unisim elements for replacement
INFO: [Netlist 29-28] Unisim Transformation completed in 0 CPU seconds
INFO: [Project 1-479] Netlist was created with Vivado 2023.2
INFO: [Project 1-570] Preparing netlist for logic optimization
Parsing XDC File [/home/geekpie/work/chiplab-usb-20260722/IP/xilinx_ip/2023.2/clk_pll_33/clk_pll_33_board.xdc] for cell 'clk_pll_33/inst'
Finished Parsing XDC File [/home/geekpie/work/chiplab-usb-20260722/IP/xilinx_ip/2023.2/clk_pll_33/clk_pll_33_board.xdc] for cell 'clk_pll_33/inst'
Parsing XDC File [/home/geekpie/work/chiplab-usb-20260722/IP/xilinx_ip/2023.2/clk_pll_33/clk_pll_33.xdc] for cell 'clk_pll_33/inst'
Finished Parsing XDC File [/home/geekpie/work/chiplab-usb-20260722/IP/xilinx_ip/2023.2/clk_pll_33/clk_pll_33.xdc] for cell 'clk_pll_33/inst'
Parsing XDC File [/home/geekpie/work/chiplab-usb-20260722/IP/xilinx_ip/2023.2/clk_wiz_0_loongson/clk_wiz_0_board.xdc] for cell 'clk_pll_1/inst'
Finished Parsing XDC File [/home/geekpie/work/chiplab-usb-20260722/IP/xilinx_ip/2023.2/clk_wiz_0_loongson/clk_wiz_0_board.xdc] for cell 'clk_pll_1/inst'
Parsing XDC File [/home/geekpie/work/chiplab-usb-20260722/IP/xilinx_ip/2023.2/clk_wiz_0_loongson/clk_wiz_0.xdc] for cell 'clk_pll_1/inst'
Finished Parsing XDC File [/home/geekpie/work/chiplab-usb-20260722/IP/xilinx_ip/2023.2/clk_wiz_0_loongson/clk_wiz_0.xdc] for cell 'clk_pll_1/inst'
Parsing XDC File [/home/geekpie/work/chiplab-usb-20260722/IP/xilinx_ip/2023.2/mig_axi_32_loongson/mig_axi_32/user_design/constraints/mig_axi_32.xdc] for cell 'mig_axi'
Finished Parsing XDC File [/home/geekpie/work/chiplab-usb-20260722/IP/xilinx_ip/2023.2/mig_axi_32_loongson/mig_axi_32/user_design/constraints/mig_axi_32.xdc] for cell 'mig_axi'
Parsing XDC File [/home/geekpie/work/chiplab-usb-20260722/fpga/loongson/soc_up.xdc]
INFO: [Timing 38-35] Done setting XDC timing constraints. [/home/geekpie/work/chiplab-usb-20260722/fpga/loongson/soc_up.xdc:275]
INFO: [Timing 38-2] Deriving generated clocks [/home/geekpie/work/chiplab-usb-20260722/fpga/loongson/soc_up.xdc:275]
get_clocks: Time (s): cpu = 00:00:17 ; elapsed = 00:00:10 . Memory (MB): peak = 2716.707 ; gain = 644.078 ; free physical = 635866 ; free virtual = 1009747
Finished Parsing XDC File [/home/geekpie/work/chiplab-usb-20260722/fpga/loongson/soc_up.xdc]
Parsing XDC File [/home/geekpie/work/chiplab-usb-20260722/IP/xilinx_ip/2023.2/axi_interconnect_0/axi_interconnect_0_impl_clocks.xdc] for cell 'mig_axi_interconnect/inst'
Finished Parsing XDC File [/home/geekpie/work/chiplab-usb-20260722/IP/xilinx_ip/2023.2/axi_interconnect_0/axi_interconnect_0_impl_clocks.xdc] for cell 'mig_axi_interconnect/inst'
Parsing XDC File [/home/geekpie/work/chiplab-usb-20260722/IP/xilinx_ip/2023.2/axi_interconnect_0/axi_interconnect_0_clocks.xdc] for cell 'mig_axi_interconnect/inst'
Finished Parsing XDC File [/home/geekpie/work/chiplab-usb-20260722/IP/xilinx_ip/2023.2/axi_interconnect_0/axi_interconnect_0_clocks.xdc] for cell 'mig_axi_interconnect/inst'
Parsing XDC File [/home/geekpie/work/chiplab-usb-20260722/IP/xilinx_ip/2023.2/clk_wiz_0_loongson/clk_wiz_0_late.xdc] for cell 'clk_pll_1/inst'
Finished Parsing XDC File [/home/geekpie/work/chiplab-usb-20260722/IP/xilinx_ip/2023.2/clk_wiz_0_loongson/clk_wiz_0_late.xdc] for cell 'clk_pll_1/inst'
Parsing XDC File [/home/geekpie/work/chiplab-usb-20260722/IP/xilinx_ip/2023.2/axi_clock_converter_0/axi_clock_converter_0/axi_clock_converter_0_clocks.xdc] for cell 'AXI_CLK_CONVERTER/inst'
WARNING: [Vivado_Tcl 4-921] Waiver ID 'CDC-1' -to list should not be empty. [/home/geekpie/work/chiplab-usb-20260722/IP/xilinx_ip/2023.2/axi_clock_converter_0/axi_clock_converter_0/axi_clock_converter_0_clocks.xdc:35]
WARNING: [Vivado_Tcl 4-921] Waiver ID 'CDC-1' -to list should not be empty. [/home/geekpie/work/chiplab-usb-20260722/IP/xilinx_ip/2023.2/axi_clock_converter_0/axi_clock_converter_0/axi_clock_converter_0_clocks.xdc:39]
WARNING: [Vivado_Tcl 4-921] Waiver ID 'CDC-1' -to list should not be empty. [/home/geekpie/work/chiplab-usb-20260722/IP/xilinx_ip/2023.2/axi_clock_converter_0/axi_clock_converter_0/axi_clock_converter_0_clocks.xdc:42]
WARNING: [Vivado_Tcl 4-921] Waiver ID 'CDC-1' -to list should not be empty. [/home/geekpie/work/chiplab-usb-20260722/IP/xilinx_ip/2023.2/axi_clock_converter_0/axi_clock_converter_0/axi_clock_converter_0_clocks.xdc:45]
WARNING: [Vivado_Tcl 4-921] Waiver ID 'CDC-10' -to list should not be empty. [/home/geekpie/work/chiplab-usb-20260722/IP/xilinx_ip/2023.2/axi_clock_converter_0/axi_clock_converter_0/axi_clock_converter_0_clocks.xdc:49]
WARNING: [Vivado_Tcl 4-921] Waiver ID 'CDC-1' -to list should not be empty. [/home/geekpie/work/chiplab-usb-20260722/IP/xilinx_ip/2023.2/axi_clock_converter_0/axi_clock_converter_0/axi_clock_converter_0_clocks.xdc:52]
WARNING: [Vivado_Tcl 4-921] Waiver ID 'CDC-1' -to list should not be empty. [/home/geekpie/work/chiplab-usb-20260722/IP/xilinx_ip/2023.2/axi_clock_converter_0/axi_clock_converter_0/axi_clock_converter_0_clocks.xdc:56]
WARNING: [Vivado_Tcl 4-921] Waiver ID 'CDC-1' -to list should not be empty. [/home/geekpie/work/chiplab-usb-20260722/IP/xilinx_ip/2023.2/axi_clock_converter_0/axi_clock_converter_0/axi_clock_converter_0_clocks.xdc:60]
WARNING: [Vivado_Tcl 4-921] Waiver ID 'CDC-1' -to list should not be empty. [/home/geekpie/work/chiplab-usb-20260722/IP/xilinx_ip/2023.2/axi_clock_converter_0/axi_clock_converter_0/axi_clock_converter_0_clocks.xdc:63]
WARNING: [Vivado_Tcl 4-921] Waiver ID 'CDC-1' -to list should not be empty. [/home/geekpie/work/chiplab-usb-20260722/IP/xilinx_ip/2023.2/axi_clock_converter_0/axi_clock_converter_0/axi_clock_converter_0_clocks.xdc:66]
WARNING: [Vivado_Tcl 4-921] Waiver ID 'CDC-2' -to list should not be empty. [/home/geekpie/work/chiplab-usb-20260722/IP/xilinx_ip/2023.2/axi_clock_converter_0/axi_clock_converter_0/axi_clock_converter_0_clocks.xdc:70]
Finished Parsing XDC File [/home/geekpie/work/chiplab-usb-20260722/IP/xilinx_ip/2023.2/axi_clock_converter_0/axi_clock_converter_0/axi_clock_converter_0_clocks.xdc] for cell 'AXI_CLK_CONVERTER/inst'
Parsing XDC File [/home/geekpie/work/chiplab-usb-20260722/IP/xilinx_ip/2023.2/axi_2x1_mux/axi_2x1_mux_impl_clocks.xdc] for cell 'u_axi_2x1_mux/inst'
Finished Parsing XDC File [/home/geekpie/work/chiplab-usb-20260722/IP/xilinx_ip/2023.2/axi_2x1_mux/axi_2x1_mux_impl_clocks.xdc] for cell 'u_axi_2x1_mux/inst'
Parsing XDC File [/home/geekpie/work/chiplab-usb-20260722/IP/xilinx_ip/2023.2/axi_2x1_mux/axi_2x1_mux_clocks.xdc] for cell 'u_axi_2x1_mux/inst'
Finished Parsing XDC File [/home/geekpie/work/chiplab-usb-20260722/IP/xilinx_ip/2023.2/axi_2x1_mux/axi_2x1_mux_clocks.xdc] for cell 'u_axi_2x1_mux/inst'
INFO: [Project 1-1714] 145 XPM XDC files have been applied to the design.
INFO: [Opt 31-138] Pushed 0 inverter(s) to 0 load pin(s).
INFO: [Project 1-1687] 22 scoped IP constraints or related sub-commands were skipped due to synthesis logic optimizations usually triggered by constant connectivity or unconnected output pins. To review the skipped constraints and messages, run the command 'set_param netlist.IPMsgFiltering false' before opening the design.
Netlist sorting complete. Time (s): cpu = 00:00:00.01 ; elapsed = 00:00:00.01 . Memory (MB): peak = 2716.707 ; gain = 0.000 ; free physical = 635864 ; free virtual = 1009746
INFO: [Project 1-111] Unisim Transformation Summary:
  A total of 433 instances were transformed.
  IOBUF => IOBUF (IBUF, OBUFT): 55 instances
  IOBUFDS_DIFF_OUT_INTERMDISABLE => IOBUFDS_DIFF_OUT_INTERMDISABLE (IBUFDS_INTERMDISABLE_INT(x2), INV, OBUFTDS(x2)): 2 instances
  LUT6_2 => LUT6_2 (LUT5, LUT6): 24 instances
  OBUFDS => OBUFDS_DUAL_BUF (INV, OBUFDS(x2)): 1 instance 
  RAM32M => RAM32M (RAMD32(x6), RAMS32(x2)): 311 instances
  RAM32X1D => RAM32X1D (RAMD32(x2)): 34 instances
  RAM64M => RAM64M (RAMD64E(x4)): 6 instances

18 Infos, 11 Warnings, 0 Critical Warnings and 0 Errors encountered.
link_design completed successfully
link_design: Time (s): cpu = 00:00:37 ; elapsed = 00:00:27 . Memory (MB): peak = 2716.742 ; gain = 1399.992 ; free physical = 635864 ; free virtual = 1009745
Command: opt_design -directive Explore
INFO: [Vivado_Tcl 4-136] Directive used for opt_design is: Explore
Attempting to get a license for feature 'Implementation' and/or device 'xc7a200t'
INFO: [Common 17-349] Got license for feature 'Implementation' and/or device 'xc7a200t'
Running DRC as a precondition to command opt_design

Starting DRC Task
INFO: [DRC 23-27] Running DRC with 8 threads
INFO: [Project 1-461] DRC finished with 0 Errors
INFO: [Project 1-462] Please refer to the DRC report (report_drc) for more information.

Time (s): cpu = 00:00:02 ; elapsed = 00:00:01 . Memory (MB): peak = 2780.738 ; gain = 63.996 ; free physical = 635861 ; free virtual = 1009743

Starting Logic Optimization Task

Phase 1 Initialization

Phase 1.1 Core Generation And Design Setup
Phase 1.1 Core Generation And Design Setup | Checksum: 11f70cfa8

Time (s): cpu = 00:00:00.01 ; elapsed = 00:00:00.01 . Memory (MB): peak = 2918.621 ; gain = 0.000 ; free physical = 635640 ; free virtual = 1009521

Phase 1.2 Setup Constraints And Sort Netlist
Phase 1.2 Setup Constraints And Sort Netlist | Checksum: 11f70cfa8

Time (s): cpu = 00:00:00.03 ; elapsed = 00:00:00.04 . Memory (MB): peak = 2918.621 ; gain = 0.000 ; free physical = 635640 ; free virtual = 1009522
Phase 1 Initialization | Checksum: 11f70cfa8

Time (s): cpu = 00:00:00.04 ; elapsed = 00:00:00.04 . Memory (MB): peak = 2918.621 ; gain = 0.000 ; free physical = 635640 ; free virtual = 1009522

Phase 2 Timer Update And Timing Data Collection

Phase 2.1 Timer Update
INFO: [Timing 38-35] Done setting XDC timing constraints.
Phase 2.1 Timer Update | Checksum: 11f70cfa8

Time (s): cpu = 00:00:10 ; elapsed = 00:00:03 . Memory (MB): peak = 3002.434 ; gain = 83.812 ; free physical = 635600 ; free virtual = 1009481

Phase 2.2 Timing Data Collection
Phase 2.2 Timing Data Collection | Checksum: 11f70cfa8

Time (s): cpu = 00:00:10 ; elapsed = 00:00:03 . Memory (MB): peak = 3002.434 ; gain = 83.812 ; free physical = 635589 ; free virtual = 1009471
Phase 2 Timer Update And Timing Data Collection | Checksum: 11f70cfa8

Time (s): cpu = 00:00:10 ; elapsed = 00:00:03 . Memory (MB): peak = 3002.434 ; gain = 83.812 ; free physical = 635589 ; free virtual = 1009471

Phase 3 Retarget
INFO: [Opt 31-1566] Pulled 37 inverters resulting in an inversion of 250 pins
INFO: [Opt 31-138] Pushed 3 inverter(s) to 4 load pin(s).
INFO: [Opt 31-49] Retargeted 0 cell(s).
Phase 3 Retarget | Checksum: 7654dd7b

Time (s): cpu = 00:00:11 ; elapsed = 00:00:04 . Memory (MB): peak = 3002.434 ; gain = 83.812 ; free physical = 635589 ; free virtual = 1009470
Retarget | Checksum: 7654dd7b
INFO: [Opt 31-389] Phase Retarget created 90 cells and removed 392 cells
INFO: [Opt 31-1021] In phase Retarget, 243 netlist objects are constrained preventing optimization. Please run opt_design with -debug_log to get more detail. 

Phase 4 Constant propagation
INFO: [Opt 31-138] Pushed 0 inverter(s) to 0 load pin(s).
Phase 4 Constant propagation | Checksum: fac81b4b

Time (s): cpu = 00:00:12 ; elapsed = 00:00:04 . Memory (MB): peak = 3002.434 ; gain = 83.812 ; free physical = 635589 ; free virtual = 1009470
Constant propagation | Checksum: fac81b4b
INFO: [Opt 31-389] Phase Constant propagation created 57 cells and removed 673 cells
INFO: [Opt 31-1021] In phase Constant propagation, 234 netlist objects are constrained preventing optimization. Please run opt_design with -debug_log to get more detail. 

Phase 5 Sweep
Phase 5 Sweep | Checksum: dd980d95

Time (s): cpu = 00:00:13 ; elapsed = 00:00:05 . Memory (MB): peak = 3002.434 ; gain = 83.812 ; free physical = 635589 ; free virtual = 1009470
Sweep | Checksum: dd980d95
INFO: [Opt 31-389] Phase Sweep created 21 cells and removed 1015 cells
INFO: [Opt 31-1021] In phase Sweep, 1060 netlist objects are constrained preventing optimization. Please run opt_design with -debug_log to get more detail. 

Phase 6 BUFG optimization
Phase 6 BUFG optimization | Checksum: dcb3bf62

Time (s): cpu = 00:00:14 ; elapsed = 00:00:06 . Memory (MB): peak = 3002.434 ; gain = 83.812 ; free physical = 635589 ; free virtual = 1009471
BUFG optimization | Checksum: dcb3bf62
INFO: [Opt 31-662] Phase BUFG optimization created 0 cells of which 0 are BUFGs and removed 0 cells.

Phase 7 Shift Register Optimization
WARNING: [Opt 31-1131] Can not pull register out from mig_axi/u_mig_axi_32_mig/u_memc_ui_top_axi/u_axi_mc/axi_mc_b_channel_0/bid_fifo_0/memory_reg[7][0]_srl8 due to none static srl address bits
WARNING: [Opt 31-1131] Can not pull register out from mig_axi/u_mig_axi_32_mig/u_memc_ui_top_axi/u_axi_mc/axi_mc_b_channel_0/bid_fifo_0/memory_reg[7][1]_srl8 due to none static srl address bits
WARNING: [Opt 31-1131] Can not pull register out from mig_axi/u_mig_axi_32_mig/u_memc_ui_top_axi/u_axi_mc/axi_mc_b_channel_0/bid_fifo_0/memory_reg[7][2]_srl8 due to none static srl address bits
WARNING: [Opt 31-1131] Can not pull register out from mig_axi/u_mig_axi_32_mig/u_memc_ui_top_axi/u_axi_mc/axi_mc_b_channel_0/bid_fifo_0/memory_reg[7][3]_srl8 due to none static srl address bits
WARNING: [Opt 31-1131] Can not pull register out from mig_axi/u_mig_axi_32_mig/u_memc_ui_top_axi/u_axi_mc/axi_mc_b_channel_0/bid_fifo_0/memory_reg[7][4]_srl8 due to none static srl address bits
WARNING: [Opt 31-1131] Can not pull register out from mig_axi/u_mig_axi_32_mig/u_memc_ui_top_axi/u_axi_mc/axi_mc_b_channel_0/bid_fifo_0/memory_reg[7][5]_srl8 due to none static srl address bits
WARNING: [Opt 31-1131] Can not pull register out from mig_axi/u_mig_axi_32_mig/u_memc_ui_top_axi/u_axi_mc/axi_mc_r_channel_0/rd_data_fifo_0/memory_reg[31][0]_srl32 due to none static srl address bits
WARNING: [Opt 31-1131] Can not pull register out from mig_axi/u_mig_axi_32_mig/u_memc_ui_top_axi/u_axi_mc/axi_mc_r_channel_0/rd_data_fifo_0/memory_reg[31][100]_srl32 due to none static srl address bits
WARNING: [Opt 31-1131] Can not pull register out from mig_axi/u_mig_axi_32_mig/u_memc_ui_top_axi/u_axi_mc/axi_mc_r_channel_0/rd_data_fifo_0/memory_reg[31][101]_srl32 due to none static srl address bits
WARNING: [Opt 31-1131] Can not pull register out from mig_axi/u_mig_axi_32_mig/u_memc_ui_top_axi/u_axi_mc/axi_mc_r_channel_0/rd_data_fifo_0/memory_reg[31][102]_srl32 due to none static srl address bits
WARNING: [Opt 31-1131] Can not pull register out from mig_axi/u_mig_axi_32_mig/u_memc_ui_top_axi/u_axi_mc/axi_mc_r_channel_0/rd_data_fifo_0/memory_reg[31][103]_srl32 due to none static srl address bits
WARNING: [Opt 31-1131] Can not pull register out from mig_axi/u_mig_axi_32_mig/u_memc_ui_top_axi/u_axi_mc/axi_mc_r_channel_0/rd_data_fifo_0/memory_reg[31][104]_srl32 due to none static srl address bits
WARNING: [Opt 31-1131] Can not pull register out from mig_axi/u_mig_axi_32_mig/u_memc_ui_top_axi/u_axi_mc/axi_mc_r_channel_0/rd_data_fifo_0/memory_reg[31][105]_srl32 due to none static srl address bits
WARNING: [Opt 31-1131] Can not pull register out from mig_axi/u_mig_axi_32_mig/u_memc_ui_top_axi/u_axi_mc/axi_mc_r_channel_0/rd_data_fifo_0/memory_reg[31][106]_srl32 due to none static srl address bits
WARNING: [Opt 31-1131] Can not pull register out from mig_axi/u_mig_axi_32_mig/u_memc_ui_top_axi/u_axi_mc/axi_mc_r_channel_0/rd_data_fifo_0/memory_reg[31][107]_srl32 due to none static srl address bits
WARNING: [Opt 31-1131] Can not pull register out from mig_axi/u_mig_axi_32_mig/u_memc_ui_top_axi/u_axi_mc/axi_mc_r_channel_0/rd_data_fifo_0/memory_reg[31][108]_srl32 due to none static srl address bits
WARNING: [Opt 31-1131] Can not pull register out from mig_axi/u_mig_axi_32_mig/u_memc_ui_top_axi/u_axi_mc/axi_mc_r_channel_0/rd_data_fifo_0/memory_reg[31][109]_srl32 due to none static srl address bits
WARNING: [Opt 31-1131] Can not pull register out from mig_axi/u_mig_axi_32_mig/u_memc_ui_top_axi/u_axi_mc/axi_mc_r_channel_0/rd_data_fifo_0/memory_reg[31][10]_srl32 due to none static srl address bits
WARNING: [Opt 31-1131] Can not pull register out from mig_axi/u_mig_axi_32_mig/u_memc_ui_top_axi/u_axi_mc/axi_mc_r_channel_0/rd_data_fifo_0/memory_reg[31][110]_srl32 due to none static srl address bits
WARNING: [Opt 31-1131] Can not pull register out from mig_axi/u_mig_axi_32_mig/u_memc_ui_top_axi/u_axi_mc/axi_mc_r_channel_0/rd_data_fifo_0/memory_reg[31][111]_srl32 due to none static srl address bits
WARNING: [Opt 31-1131] Can not pull register out from mig_axi/u_mig_axi_32_mig/u_memc_ui_top_axi/u_axi_mc/axi_mc_r_channel_0/rd_data_fifo_0/memory_reg[31][112]_srl32 due to none static srl address bits
WARNING: [Opt 31-1131] Can not pull register out from mig_axi/u_mig_axi_32_mig/u_memc_ui_top_axi/u_axi_mc/axi_mc_r_channel_0/rd_data_fifo_0/memory_reg[31][113]_srl32 due to none static srl address bits
WARNING: [Opt 31-1131] Can not pull register out from mig_axi/u_mig_axi_32_mig/u_memc_ui_top_axi/u_axi_mc/axi_mc_r_channel_0/rd_data_fifo_0/memory_reg[31][114]_srl32 due to none static srl address bits
WARNING: [Opt 31-1131] Can not pull register out from mig_axi/u_mig_axi_32_mig/u_memc_ui_top_axi/u_axi_mc/axi_mc_r_channel_0/rd_data_fifo_0/memory_reg[31][115]_srl32 due to none static srl address bits
WARNING: [Opt 31-1131] Can not pull register out from mig_axi/u_mig_axi_32_mig/u_memc_ui_top_axi/u_axi_mc/axi_mc_r_channel_0/rd_data_fifo_0/memory_reg[31][116]_srl32 due to none static srl address bits
WARNING: [Opt 31-1131] Can not pull register out from mig_axi/u_mig_axi_32_mig/u_memc_ui_top_axi/u_axi_mc/axi_mc_r_channel_0/rd_data_fifo_0/memory_reg[31][117]_srl32 due to none static srl address bits
WARNING: [Opt 31-1131] Can not pull register out from mig_axi/u_mig_axi_32_mig/u_memc_ui_top_axi/u_axi_mc/axi_mc_r_channel_0/rd_data_fifo_0/memory_reg[31][118]_srl32 due to none static srl address bits
WARNING: [Opt 31-1131] Can not pull register out from mig_axi/u_mig_axi_32_mig/u_memc_ui_top_axi/u_axi_mc/axi_mc_r_channel_0/rd_data_fifo_0/memory_reg[31][119]_srl32 due to none static srl address bits
WARNING: [Opt 31-1131] Can not pull register out from mig_axi/u_mig_axi_32_mig/u_memc_ui_top_axi/u_axi_mc/axi_mc_r_channel_0/rd_data_fifo_0/memory_reg[31][11]_srl32 due to none static srl address bits
WARNING: [Opt 31-1131] Can not pull register out from mig_axi/u_mig_axi_32_mig/u_memc_ui_top_axi/u_axi_mc/axi_mc_r_channel_0/rd_data_fifo_0/memory_reg[31][120]_srl32 due to none static srl address bits
WARNING: [Opt 31-1131] Can not pull register out from mig_axi/u_mig_axi_32_mig/u_memc_ui_top_axi/u_axi_mc/axi_mc_r_channel_0/rd_data_fifo_0/memory_reg[31][121]_srl32 due to none static srl address bits
WARNING: [Opt 31-1131] Can not pull register out from mig_axi/u_mig_axi_32_mig/u_memc_ui_top_axi/u_axi_mc/axi_mc_r_channel_0/rd_data_fifo_0/memory_reg[31][122]_srl32 due to none static srl address bits
WARNING: [Opt 31-1131] Can not pull register out from mig_axi/u_mig_axi_32_mig/u_memc_ui_top_axi/u_axi_mc/axi_mc_r_channel_0/rd_data_fifo_0/memory_reg[31][123]_srl32 due to none static srl address bits
WARNING: [Opt 31-1131] Can not pull register out from mig_axi/u_mig_axi_32_mig/u_memc_ui_top_axi/u_axi_mc/axi_mc_r_channel_0/rd_data_fifo_0/memory_reg[31][124]_srl32 due to none static srl address bits
WARNING: [Opt 31-1131] Can not pull register out from mig_axi/u_mig_axi_32_mig/u_memc_ui_top_axi/u_axi_mc/axi_mc_r_channel_0/rd_data_fifo_0/memory_reg[31][125]_srl32 due to none static srl address bits
WARNING: [Opt 31-1131] Can not pull register out from mig_axi/u_mig_axi_32_mig/u_memc_ui_top_axi/u_axi_mc/axi_mc_r_channel_0/rd_data_fifo_0/memory_reg[31][126]_srl32 due to none static srl address bits
WARNING: [Opt 31-1131] Can not pull register out from mig_axi/u_mig_axi_32_mig/u_memc_ui_top_axi/u_axi_mc/axi_mc_r_channel_0/rd_data_fifo_0/memory_reg[31][127]_srl32 due to none static srl address bits
WARNING: [Opt 31-1131] Can not pull register out from mig_axi/u_mig_axi_32_mig/u_memc_ui_top_axi/u_axi_mc/axi_mc_r_channel_0/rd_data_fifo_0/memory_reg[31][12]_srl32 due to none static srl address bits
WARNING: [Opt 31-1131] Can not pull register out from mig_axi/u_mig_axi_32_mig/u_memc_ui_top_axi/u_axi_mc/axi_mc_r_channel_0/rd_data_fifo_0/memory_reg[31][13]_srl32 due to none static srl address bits
WARNING: [Opt 31-1131] Can not pull register out from mig_axi/u_mig_axi_32_mig/u_memc_ui_top_axi/u_axi_mc/axi_mc_r_channel_0/rd_data_fifo_0/memory_reg[31][14]_srl32 due to none static srl address bits
WARNING: [Opt 31-1131] Can not pull register out from mig_axi/u_mig_axi_32_mig/u_memc_ui_top_axi/u_axi_mc/axi_mc_r_channel_0/rd_data_fifo_0/memory_reg[31][15]_srl32 due to none static srl address bits
WARNING: [Opt 31-1131] Can not pull register out from mig_axi/u_mig_axi_32_mig/u_memc_ui_top_axi/u_axi_mc/axi_mc_r_channel_0/rd_data_fifo_0/memory_reg[31][16]_srl32 due to none static srl address bits
WARNING: [Opt 31-1131] Can not pull register out from mig_axi/u_mig_axi_32_mig/u_memc_ui_top_axi/u_axi_mc/axi_mc_r_channel_0/rd_data_fifo_0/memory_reg[31][17]_srl32 due to none static srl address bits
WARNING: [Opt 31-1131] Can not pull register out from mig_axi/u_mig_axi_32_mig/u_memc_ui_top_axi/u_axi_mc/axi_mc_r_channel_0/rd_data_fifo_0/memory_reg[31][18]_srl32 due to none static srl address bits
WARNING: [Opt 31-1131] Can not pull register out from mig_axi/u_mig_axi_32_mig/u_memc_ui_top_axi/u_axi_mc/axi_mc_r_channel_0/rd_data_fifo_0/memory_reg[31][19]_srl32 due to none static srl address bits
WARNING: [Opt 31-1131] Can not pull register out from mig_axi/u_mig_axi_32_mig/u_memc_ui_top_axi/u_axi_mc/axi_mc_r_channel_0/rd_data_fifo_0/memory_reg[31][1]_srl32 due to none static srl address bits
WARNING: [Opt 31-1131] Can not pull register out from mig_axi/u_mig_axi_32_mig/u_memc_ui_top_axi/u_axi_mc/axi_mc_r_channel_0/rd_data_fifo_0/memory_reg[31][20]_srl32 due to none static srl address bits
WARNING: [Opt 31-1131] Can not pull register out from mig_axi/u_mig_axi_32_mig/u_memc_ui_top_axi/u_axi_mc/axi_mc_r_channel_0/rd_data_fifo_0/memory_reg[31][21]_srl32 due to none static srl address bits
WARNING: [Opt 31-1131] Can not pull register out from mig_axi/u_mig_axi_32_mig/u_memc_ui_top_axi/u_axi_mc/axi_mc_r_channel_0/rd_data_fifo_0/memory_reg[31][22]_srl32 due to none static srl address bits
WARNING: [Opt 31-1131] Can not pull register out from mig_axi/u_mig_axi_32_mig/u_memc_ui_top_axi/u_axi_mc/axi_mc_r_channel_0/rd_data_fifo_0/memory_reg[31][23]_srl32 due to none static srl address bits
WARNING: [Opt 31-1131] Can not pull register out from mig_axi/u_mig_axi_32_mig/u_memc_ui_top_axi/u_axi_mc/axi_mc_r_channel_0/rd_data_fifo_0/memory_reg[31][24]_srl32 due to none static srl address bits
WARNING: [Opt 31-1131] Can not pull register out from mig_axi/u_mig_axi_32_mig/u_memc_ui_top_axi/u_axi_mc/axi_mc_r_channel_0/rd_data_fifo_0/memory_reg[31][25]_srl32 due to none static srl address bits
WARNING: [Opt 31-1131] Can not pull register out from mig_axi/u_mig_axi_32_mig/u_memc_ui_top_axi/u_axi_mc/axi_mc_r_channel_0/rd_data_fifo_0/memory_reg[31][26]_srl32 due to none static srl address bits
WARNING: [Opt 31-1131] Can not pull register out from mig_axi/u_mig_axi_32_mig/u_memc_ui_top_axi/u_axi_mc/axi_mc_r_channel_0/rd_data_fifo_0/memory_reg[31][27]_srl32 due to none static srl address bits
WARNING: [Opt 31-1131] Can not pull register out from mig_axi/u_mig_axi_32_mig/u_memc_ui_top_axi/u_axi_mc/axi_mc_r_channel_0/rd_data_fifo_0/memory_reg[31][28]_srl32 due to none static srl address bits
WARNING: [Opt 31-1131] Can not pull register out from mig_axi/u_mig_axi_32_mig/u_memc_ui_top_axi/u_axi_mc/axi_mc_r_channel_0/rd_data_fifo_0/memory_reg[31][29]_srl32 due to none static srl address bits
WARNING: [Opt 31-1131] Can not pull register out from mig_axi/u_mig_axi_32_mig/u_memc_ui_top_axi/u_axi_mc/axi_mc_r_channel_0/rd_data_fifo_0/memory_reg[31][2]_srl32 due to none static srl address bits
WARNING: [Opt 31-1131] Can not pull register out from mig_axi/u_mig_axi_32_mig/u_memc_ui_top_axi/u_axi_mc/axi_mc_r_channel_0/rd_data_fifo_0/memory_reg[31][30]_srl32 due to none static srl address bits
WARNING: [Opt 31-1131] Can not pull register out from mig_axi/u_mig_axi_32_mig/u_memc_ui_top_axi/u_axi_mc/axi_mc_r_channel_0/rd_data_fifo_0/memory_reg[31][31]_srl32 due to none static srl address bits
WARNING: [Opt 31-1131] Can not pull register out from mig_axi/u_mig_axi_32_mig/u_memc_ui_top_axi/u_axi_mc/axi_mc_r_channel_0/rd_data_fifo_0/memory_reg[31][32]_srl32 due to none static srl address bits
WARNING: [Opt 31-1131] Can not pull register out from mig_axi/u_mig_axi_32_mig/u_memc_ui_top_axi/u_axi_mc/axi_mc_r_channel_0/rd_data_fifo_0/memory_reg[31][33]_srl32 due to none static srl address bits
WARNING: [Opt 31-1131] Can not pull register out from mig_axi/u_mig_axi_32_mig/u_memc_ui_top_axi/u_axi_mc/axi_mc_r_channel_0/rd_data_fifo_0/memory_reg[31][34]_srl32 due to none static srl address bits
WARNING: [Opt 31-1131] Can not pull register out from mig_axi/u_mig_axi_32_mig/u_memc_ui_top_axi/u_axi_mc/axi_mc_r_channel_0/rd_data_fifo_0/memory_reg[31][35]_srl32 due to none static srl address bits
WARNING: [Opt 31-1131] Can not pull register out from mig_axi/u_mig_axi_32_mig/u_memc_ui_top_axi/u_axi_mc/axi_mc_r_channel_0/rd_data_fifo_0/memory_reg[31][36]_srl32 due to none static srl address bits
WARNING: [Opt 31-1131] Can not pull register out from mig_axi/u_mig_axi_32_mig/u_memc_ui_top_axi/u_axi_mc/axi_mc_r_channel_0/rd_data_fifo_0/memory_reg[31][37]_srl32 due to none static srl address bits
WARNING: [Opt 31-1131] Can not pull register out from mig_axi/u_mig_axi_32_mig/u_memc_ui_top_axi/u_axi_mc/axi_mc_r_channel_0/rd_data_fifo_0/memory_reg[31][38]_srl32 due to none static srl address bits
WARNING: [Opt 31-1131] Can not pull register out from mig_axi/u_mig_axi_32_mig/u_memc_ui_top_axi/u_axi_mc/axi_mc_r_channel_0/rd_data_fifo_0/memory_reg[31][39]_srl32 due to none static srl address bits
WARNING: [Opt 31-1131] Can not pull register out from mig_axi/u_mig_axi_32_mig/u_memc_ui_top_axi/u_axi_mc/axi_mc_r_channel_0/rd_data_fifo_0/memory_reg[31][3]_srl32 due to none static srl address bits
WARNING: [Opt 31-1131] Can not pull register out from mig_axi/u_mig_axi_32_mig/u_memc_ui_top_axi/u_axi_mc/axi_mc_r_channel_0/rd_data_fifo_0/memory_reg[31][40]_srl32 due to none static srl address bits
WARNING: [Opt 31-1131] Can not pull register out from mig_axi/u_mig_axi_32_mig/u_memc_ui_top_axi/u_axi_mc/axi_mc_r_channel_0/rd_data_fifo_0/memory_reg[31][41]_srl32 due to none static srl address bits
WARNING: [Opt 31-1131] Can not pull register out from mig_axi/u_mig_axi_32_mig/u_memc_ui_top_axi/u_axi_mc/axi_mc_r_channel_0/rd_data_fifo_0/memory_reg[31][42]_srl32 due to none static srl address bits
WARNING: [Opt 31-1131] Can not pull register out from mig_axi/u_mig_axi_32_mig/u_memc_ui_top_axi/u_axi_mc/axi_mc_r_channel_0/rd_data_fifo_0/memory_reg[31][43]_srl32 due to none static srl address bits
WARNING: [Opt 31-1131] Can not pull register out from mig_axi/u_mig_axi_32_mig/u_memc_ui_top_axi/u_axi_mc/axi_mc_r_channel_0/rd_data_fifo_0/memory_reg[31][44]_srl32 due to none static srl address bits
WARNING: [Opt 31-1131] Can not pull register out from mig_axi/u_mig_axi_32_mig/u_memc_ui_top_axi/u_axi_mc/axi_mc_r_channel_0/rd_data_fifo_0/memory_reg[31][45]_srl32 due to none static srl address bits
WARNING: [Opt 31-1131] Can not pull register out from mig_axi/u_mig_axi_32_mig/u_memc_ui_top_axi/u_axi_mc/axi_mc_r_channel_0/rd_data_fifo_0/memory_reg[31][46]_srl32 due to none static srl address bits
WARNING: [Opt 31-1131] Can not pull register out from mig_axi/u_mig_axi_32_mig/u_memc_ui_top_axi/u_axi_mc/axi_mc_r_channel_0/rd_data_fifo_0/memory_reg[31][47]_srl32 due to none static srl address bits
WARNING: [Opt 31-1131] Can not pull register out from mig_axi/u_mig_axi_32_mig/u_memc_ui_top_axi/u_axi_mc/axi_mc_r_channel_0/rd_data_fifo_0/memory_reg[31][48]_srl32 due to none static srl address bits
WARNING: [Opt 31-1131] Can not pull register out from mig_axi/u_mig_axi_32_mig/u_memc_ui_top_axi/u_axi_mc/axi_mc_r_channel_0/rd_data_fifo_0/memory_reg[31][49]_srl32 due to none static srl address bits
WARNING: [Opt 31-1131] Can not pull register out from mig_axi/u_mig_axi_32_mig/u_memc_ui_top_axi/u_axi_mc/axi_mc_r_channel_0/rd_data_fifo_0/memory_reg[31][4]_srl32 due to none static srl address bits
WARNING: [Opt 31-1131] Can not pull register out from mig_axi/u_mig_axi_32_mig/u_memc_ui_top_axi/u_axi_mc/axi_mc_r_channel_0/rd_data_fifo_0/memory_reg[31][50]_srl32 due to none static srl address bits
WARNING: [Opt 31-1131] Can not pull register out from mig_axi/u_mig_axi_32_mig/u_memc_ui_top_axi/u_axi_mc/axi_mc_r_channel_0/rd_data_fifo_0/memory_reg[31][51]_srl32 due to none static srl address bits
WARNING: [Opt 31-1131] Can not pull register out from mig_axi/u_mig_axi_32_mig/u_memc_ui_top_axi/u_axi_mc/axi_mc_r_channel_0/rd_data_fifo_0/memory_reg[31][52]_srl32 due to none static srl address bits
WARNING: [Opt 31-1131] Can not pull register out from mig_axi/u_mig_axi_32_mig/u_memc_ui_top_axi/u_axi_mc/axi_mc_r_channel_0/rd_data_fifo_0/memory_reg[31][53]_srl32 due to none static srl address bits
WARNING: [Opt 31-1131] Can not pull register out from mig_axi/u_mig_axi_32_mig/u_memc_ui_top_axi/u_axi_mc/axi_mc_r_channel_0/rd_data_fifo_0/memory_reg[31][54]_srl32 due to none static srl address bits
WARNING: [Opt 31-1131] Can not pull register out from mig_axi/u_mig_axi_32_mig/u_memc_ui_top_axi/u_axi_mc/axi_mc_r_channel_0/rd_data_fifo_0/memory_reg[31][55]_srl32 due to none static srl address bits
WARNING: [Opt 31-1131] Can not pull register out from mig_axi/u_mig_axi_32_mig/u_memc_ui_top_axi/u_axi_mc/axi_mc_r_channel_0/rd_data_fifo_0/memory_reg[31][56]_srl32 due to none static srl address bits
WARNING: [Opt 31-1131] Can not pull register out from mig_axi/u_mig_axi_32_mig/u_memc_ui_top_axi/u_axi_mc/axi_mc_r_channel_0/rd_data_fifo_0/memory_reg[31][57]_srl32 due to none static srl address bits
WARNING: [Opt 31-1131] Can not pull register out from mig_axi/u_mig_axi_32_mig/u_memc_ui_top_axi/u_axi_mc/axi_mc_r_channel_0/rd_data_fifo_0/memory_reg[31][58]_srl32 due to none static srl address bits
WARNING: [Opt 31-1131] Can not pull register out from mig_axi/u_mig_axi_32_mig/u_memc_ui_top_axi/u_axi_mc/axi_mc_r_channel_0/rd_data_fifo_0/memory_reg[31][59]_srl32 due to none static srl address bits
WARNING: [Opt 31-1131] Can not pull register out from mig_axi/u_mig_axi_32_mig/u_memc_ui_top_axi/u_axi_mc/axi_mc_r_channel_0/rd_data_fifo_0/memory_reg[31][5]_srl32 due to none static srl address bits
WARNING: [Opt 31-1131] Can not pull register out from mig_axi/u_mig_axi_32_mig/u_memc_ui_top_axi/u_axi_mc/axi_mc_r_channel_0/rd_data_fifo_0/memory_reg[31][60]_srl32 due to none static srl address bits
WARNING: [Opt 31-1131] Can not pull register out from mig_axi/u_mig_axi_32_mig/u_memc_ui_top_axi/u_axi_mc/axi_mc_r_channel_0/rd_data_fifo_0/memory_reg[31][61]_srl32 due to none static srl address bits
WARNING: [Opt 31-1131] Can not pull register out from mig_axi/u_mig_axi_32_mig/u_memc_ui_top_axi/u_axi_mc/axi_mc_r_channel_0/rd_data_fifo_0/memory_reg[31][62]_srl32 due to none static srl address bits
WARNING: [Opt 31-1131] Can not pull register out from mig_axi/u_mig_axi_32_mig/u_memc_ui_top_axi/u_axi_mc/axi_mc_r_channel_0/rd_data_fifo_0/memory_reg[31][63]_srl32 due to none static srl address bits
WARNING: [Opt 31-1131] Can not pull register out from mig_axi/u_mig_axi_32_mig/u_memc_ui_top_axi/u_axi_mc/axi_mc_r_channel_0/rd_data_fifo_0/memory_reg[31][64]_srl32 due to none static srl address bits
WARNING: [Opt 31-1131] Can not pull register out from mig_axi/u_mig_axi_32_mig/u_memc_ui_top_axi/u_axi_mc/axi_mc_r_channel_0/rd_data_fifo_0/memory_reg[31][65]_srl32 due to none static srl address bits
WARNING: [Opt 31-1131] Can not pull register out from mig_axi/u_mig_axi_32_mig/u_memc_ui_top_axi/u_axi_mc/axi_mc_r_channel_0/rd_data_fifo_0/memory_reg[31][66]_srl32 due to none static srl address bits
WARNING: [Opt 31-1131] Can not pull register out from mig_axi/u_mig_axi_32_mig/u_memc_ui_top_axi/u_axi_mc/axi_mc_r_channel_0/rd_data_fifo_0/memory_reg[31][67]_srl32 due to none static srl address bits
WARNING: [Opt 31-1131] Can not pull register out from mig_axi/u_mig_axi_32_mig/u_memc_ui_top_axi/u_axi_mc/axi_mc_r_channel_0/rd_data_fifo_0/memory_reg[31][68]_srl32 due to none static srl address bits
WARNING: [Opt 31-1131] Can not pull register out from mig_axi/u_mig_axi_32_mig/u_memc_ui_top_axi/u_axi_mc/axi_mc_r_channel_0/rd_data_fifo_0/memory_reg[31][69]_srl32 due to none static srl address bits
INFO: [Common 17-14] Message 'Opt 31-1131' appears 100 times and further instances of the messages will be disabled. Use the Tcl command set_msg_config to change the current settings.
INFO: [Opt 31-1064] SRL Remap converted 0 SRLs to 0 registers and converted 0 registers of register chains to 0 SRLs
Phase 7 Shift Register Optimization | Checksum: dcb3bf62

Time (s): cpu = 00:00:14 ; elapsed = 00:00:06 . Memory (MB): peak = 3002.434 ; gain = 83.812 ; free physical = 635589 ; free virtual = 1009471
Shift Register Optimization | Checksum: dcb3bf62
INFO: [Opt 31-389] Phase Shift Register Optimization created 0 cells and removed 0 cells
INFO: [Opt 31-1555] control_set_opt supports Versal devices only, and device 7a200t is unsupported

Phase 8 Post Processing Netlist
Phase 8 Post Processing Netlist | Checksum: 14dded76e

Time (s): cpu = 00:00:14 ; elapsed = 00:00:06 . Memory (MB): peak = 3002.434 ; gain = 83.812 ; free physical = 635589 ; free virtual = 1009470
Post Processing Netlist | Checksum: 14dded76e
INFO: [Opt 31-389] Phase Post Processing Netlist created 0 cells and removed 0 cells
INFO: [Opt 31-1021] In phase Post Processing Netlist, 334 netlist objects are constrained preventing optimization. Please run opt_design with -debug_log to get more detail. 

Phase 9 Finalization

Phase 9.1 Finalizing Design Cores and Updating Shapes
Phase 9.1 Finalizing Design Cores and Updating Shapes | Checksum: c0fc3e61

Time (s): cpu = 00:00:15 ; elapsed = 00:00:07 . Memory (MB): peak = 3002.434 ; gain = 83.812 ; free physical = 635589 ; free virtual = 1009471

Phase 9.2 Verifying Netlist Connectivity

Starting Connectivity Check Task

Time (s): cpu = 00:00:00.12 ; elapsed = 00:00:00.12 . Memory (MB): peak = 3002.434 ; gain = 0.000 ; free physical = 635589 ; free virtual = 1009471
Phase 9.2 Verifying Netlist Connectivity | Checksum: c0fc3e61

Time (s): cpu = 00:00:15 ; elapsed = 00:00:07 . Memory (MB): peak = 3002.434 ; gain = 83.812 ; free physical = 635589 ; free virtual = 1009471
Phase 9 Finalization | Checksum: c0fc3e61

Time (s): cpu = 00:00:15 ; elapsed = 00:00:07 . Memory (MB): peak = 3002.434 ; gain = 83.812 ; free physical = 635589 ; free virtual = 1009471
Opt_design Change Summary
=========================


-------------------------------------------------------------------------------------------------------------------------
|  Phase                        |  #Cells created  |  #Cells Removed  |  #Constrained objects preventing optimizations  |
-------------------------------------------------------------------------------------------------------------------------
|  Retarget                     |              90  |             392  |                                            243  |
|  Constant propagation         |              57  |             673  |                                            234  |
|  Sweep                        |              21  |            1015  |                                           1060  |
|  BUFG optimization            |               0  |               0  |                                              0  |
|  Shift Register Optimization  |               0  |               0  |                                              0  |
|  Post Processing Netlist      |               0  |               0  |                                            334  |
-------------------------------------------------------------------------------------------------------------------------


Ending Logic Optimization Task | Checksum: c0fc3e61

Time (s): cpu = 00:00:15 ; elapsed = 00:00:07 . Memory (MB): peak = 3002.434 ; gain = 83.812 ; free physical = 635590 ; free virtual = 1009471
INFO: [Constraints 18-11670] Building netlist checker database with flags, 0x8
Done building netlist checker database: Time (s): cpu = 00:00:00.01 ; elapsed = 00:00:00.02 . Memory (MB): peak = 3002.434 ; gain = 0.000 ; free physical = 635590 ; free virtual = 1009471

Starting Netlist Obfuscation Task
Netlist sorting complete. Time (s): cpu = 00:00:00.01 ; elapsed = 00:00:00.01 . Memory (MB): peak = 3002.434 ; gain = 0.000 ; free physical = 635597 ; free virtual = 1009479
Ending Netlist Obfuscation Task | Checksum: c0fc3e61

Time (s): cpu = 00:00:00.01 ; elapsed = 00:00:00.02 . Memory (MB): peak = 3002.434 ; gain = 0.000 ; free physical = 635597 ; free virtual = 1009479
INFO: [Common 17-83] Releasing license: Implementation
43 Infos, 111 Warnings, 0 Critical Warnings and 0 Errors encountered.
opt_design completed successfully
opt_design: Time (s): cpu = 00:00:19 ; elapsed = 00:00:10 . Memory (MB): peak = 3002.434 ; gain = 285.691 ; free physical = 635597 ; free virtual = 1009479
INFO: [runtcl-4] Executing : report_drc -file soc_top_drc_opted.rpt -pb soc_top_drc_opted.pb -rpx soc_top_drc_opted.rpx
Command: report_drc -file soc_top_drc_opted.rpt -pb soc_top_drc_opted.pb -rpx soc_top_drc_opted.rpx
INFO: [IP_Flow 19-1839] IP Catalog is up to date.
INFO: [DRC 23-27] Running DRC with 8 threads
INFO: [Vivado_Tcl 2-168] The results of DRC are in file /home/geekpie/work/chiplab-usb-20260722/fpga/loongson/2023.2/system_run.runs/impl_1/soc_top_drc_opted.rpt.
report_drc completed successfully
INFO: [Timing 38-35] Done setting XDC timing constraints.
INFO: [Timing 38-480] Writing timing data to binary archive.
Wrote PlaceDB: Time (s): cpu = 00:00:00.13 ; elapsed = 00:00:00.03 . Memory (MB): peak = 3090.477 ; gain = 0.000 ; free physical = 635576 ; free virtual = 1009458
Wrote PulsedLatchDB: Time (s): cpu = 00:00:00 ; elapsed = 00:00:00 . Memory (MB): peak = 3090.477 ; gain = 0.000 ; free physical = 635576 ; free virtual = 1009458
Writing XDEF routing.
Writing XDEF routing logical nets.
Write ShapeDB Complete: Time (s): cpu = 00:00:00.33 ; elapsed = 00:00:00.07 . Memory (MB): peak = 3090.477 ; gain = 0.000 ; free physical = 635568 ; free virtual = 1009454
Writing XDEF routing special nets.
Wrote RouteStorage: Time (s): cpu = 00:00:00.36 ; elapsed = 00:00:00.08 . Memory (MB): peak = 3090.477 ; gain = 0.000 ; free physical = 635562 ; free virtual = 1009449
Wrote Netlist Cache: Time (s): cpu = 00:00:00 ; elapsed = 00:00:00 . Memory (MB): peak = 3090.477 ; gain = 0.000 ; free physical = 635562 ; free virtual = 1009449
Wrote Device Cache: Time (s): cpu = 00:00:00.01 ; elapsed = 00:00:00 . Memory (MB): peak = 3090.477 ; gain = 0.000 ; free physical = 635561 ; free virtual = 1009449
Write Physdb Complete: Time (s): cpu = 00:00:00.52 ; elapsed = 00:00:00.12 . Memory (MB): peak = 3090.477 ; gain = 0.000 ; free physical = 635561 ; free virtual = 1009449
INFO: [Common 17-1381] The checkpoint '/home/geekpie/work/chiplab-usb-20260722/fpga/loongson/2023.2/system_run.runs/impl_1/soc_top_opt.dcp' has been generated.
write_checkpoint: Time (s): cpu = 00:00:12 ; elapsed = 00:00:06 . Memory (MB): peak = 3090.477 ; gain = 0.000 ; free physical = 635531 ; free virtual = 1009427
Command: place_design -directive Explore
Attempting to get a license for feature 'Implementation' and/or device 'xc7a200t'
INFO: [Common 17-349] Got license for feature 'Implementation' and/or device 'xc7a200t'
INFO: [Common 17-83] Releasing license: Implementation
INFO: [DRC 23-27] Running DRC with 8 threads
INFO: [Vivado_Tcl 4-198] DRC finished with 0 Errors
INFO: [Vivado_Tcl 4-199] Please refer to the DRC report (report_drc) for more information.
Running DRC as a precondition to command place_design
INFO: [DRC 23-27] Running DRC with 8 threads
WARNING: [DRC 23-803] Only the first 20 REQP-1840 messages were issued by mandatory DRC reporting. An additional 1 messages have not been issued. Use 'set_property MAX_MESSAGES <number> [get_drc_check REQP-1840]' to change the number of messages that should be reported.
INFO: [Vivado_Tcl 4-198] DRC finished with 0 Errors, 43 Warnings
INFO: [Vivado_Tcl 4-199] Please refer to the DRC report (report_drc) for more information.
INFO: [Place 46-5] The placer was invoked with the 'Explore' directive.
INFO: [Place 30-611] Multithreading enabled for place_design using a maximum of 8 CPUs

Starting Placer Task

Phase 1 Placer Initialization

Phase 1.1 Placer Initialization Netlist Sorting
Netlist sorting complete. Time (s): cpu = 00:00:00 ; elapsed = 00:00:00.01 . Memory (MB): peak = 3108.176 ; gain = 0.000 ; free physical = 635528 ; free virtual = 1009424
Phase 1.1 Placer Initialization Netlist Sorting | Checksum: 55747985

Time (s): cpu = 00:00:00.03 ; elapsed = 00:00:00.03 . Memory (MB): peak = 3108.176 ; gain = 0.000 ; free physical = 635528 ; free virtual = 1009424
Netlist sorting complete. Time (s): cpu = 00:00:00.01 ; elapsed = 00:00:00 . Memory (MB): peak = 3108.176 ; gain = 0.000 ; free physical = 635528 ; free virtual = 1009424

Phase 1.2 IO Placement/ Clock Placement/ Build Placer Device
Phase 1.2 IO Placement/ Clock Placement/ Build Placer Device | Checksum: e7c72212

Time (s): cpu = 00:00:05 ; elapsed = 00:00:03 . Memory (MB): peak = 3108.176 ; gain = 0.000 ; free physical = 635527 ; free virtual = 1009422

Phase 1.3 Build Placer Netlist Model
Phase 1.3 Build Placer Netlist Model | Checksum: 1643bd074

Time (s): cpu = 00:00:29 ; elapsed = 00:00:13 . Memory (MB): peak = 3209.891 ; gain = 101.715 ; free physical = 635370 ; free virtual = 1009265

Phase 1.4 Constrain Clocks/Macros
Phase 1.4 Constrain Clocks/Macros | Checksum: 1643bd074

Time (s): cpu = 00:00:29 ; elapsed = 00:00:13 . Memory (MB): peak = 3209.891 ; gain = 101.715 ; free physical = 635370 ; free virtual = 1009265
Phase 1 Placer Initialization | Checksum: 1643bd074

Time (s): cpu = 00:00:29 ; elapsed = 00:00:13 . Memory (MB): peak = 3209.891 ; gain = 101.715 ; free physical = 635370 ; free virtual = 1009265

Phase 2 Global Placement

Phase 2.1 Floorplanning
Phase 2.1 Floorplanning | Checksum: 1547df007

Time (s): cpu = 00:00:41 ; elapsed = 00:00:16 . Memory (MB): peak = 3275.336 ; gain = 167.160 ; free physical = 635296 ; free virtual = 1009191

Phase 2.2 Update Timing before SLR Path Opt
Phase 2.2 Update Timing before SLR Path Opt | Checksum: 12fb3dc1a

Time (s): cpu = 00:00:51 ; elapsed = 00:00:19 . Memory (MB): peak = 3275.336 ; gain = 167.160 ; free physical = 635299 ; free virtual = 1009194

Phase 2.3 Post-Processing in Floorplanning
Phase 2.3 Post-Processing in Floorplanning | Checksum: 1cc16456d

Time (s): cpu = 00:00:51 ; elapsed = 00:00:19 . Memory (MB): peak = 3275.336 ; gain = 167.160 ; free physical = 635299 ; free virtual = 1009194

Phase 2.4 Global Placement Core

Phase 2.4.1 UpdateTiming Before Physical Synthesis
Phase 2.4.1 UpdateTiming Before Physical Synthesis | Checksum: 25a3bfddd

Time (s): cpu = 00:02:28 ; elapsed = 00:00:53 . Memory (MB): peak = 3336.797 ; gain = 228.621 ; free physical = 635102 ; free virtual = 1008998

Phase 2.4.2 Physical Synthesis In Placer
INFO: [Physopt 32-1035] Found 0 LUTNM shape to break, 4396 LUT instances to create LUTNM shape
INFO: [Physopt 32-1044] Break lutnm for timing: one critical 0, two critical 0, total 0, new lutff created 0
INFO: [Physopt 32-1138] End 1 Pass. Optimized 1905 nets or LUTs. Breaked 0 LUT, combined 1905 existing LUTs and moved 0 existing LUT
INFO: [Physopt 32-65] No nets found for high-fanout optimization.
INFO: [Physopt 32-232] Optimized 0 net. Created 0 new instance.
INFO: [Physopt 32-775] End 1 Pass. Optimized 0 net or cell. Created 0 new cell, deleted 0 existing cell and moved 0 existing cell
INFO: [Physopt 32-456] No candidate cells for DSP register optimization found in the design.
INFO: [Physopt 32-775] End 2 Pass. Optimized 0 net or cell. Created 0 new cell, deleted 0 existing cell and moved 0 existing cell
INFO: [Physopt 32-1123] No candidate cells found for Shift Register to Pipeline optimization
INFO: [Physopt 32-775] End 2 Pass. Optimized 0 net or cell. Created 0 new cell, deleted 0 existing cell and moved 0 existing cell
INFO: [Physopt 32-1401] No candidate cells found for Shift Register optimization.
INFO: [Physopt 32-677] No candidate cells for Shift Register optimization found in the design
INFO: [Physopt 32-775] End 1 Pass. Optimized 0 net or cell. Created 0 new cell, deleted 0 existing cell and moved 0 existing cell
INFO: [Physopt 32-526] No candidate cells for BRAM register optimization found in the design
INFO: [Physopt 32-775] End 1 Pass. Optimized 0 net or cell. Created 0 new cell, deleted 0 existing cell and moved 0 existing cell
INFO: [Physopt 32-846] No candidate cells for URAM register optimization found in the design
INFO: [Physopt 32-775] End 1 Pass. Optimized 0 net or cell. Created 0 new cell, deleted 0 existing cell and moved 0 existing cell
INFO: [Physopt 32-846] No candidate cells for URAM register optimization found in the design
INFO: [Physopt 32-775] End 1 Pass. Optimized 0 net or cell. Created 0 new cell, deleted 0 existing cell and moved 0 existing cell
INFO: [Physopt 32-949] No candidate nets found for dynamic/static region interface net replication
INFO: [Physopt 32-775] End 1 Pass. Optimized 0 net or cell. Created 0 new cell, deleted 0 existing cell and moved 0 existing cell
Netlist sorting complete. Time (s): cpu = 00:00:00.01 ; elapsed = 00:00:00.01 . Memory (MB): peak = 3336.797 ; gain = 0.000 ; free physical = 635103 ; free virtual = 1008999

Summary of Physical Synthesis Optimizations
============================================


-----------------------------------------------------------------------------------------------------------------------------------------------------------
|  Optimization                                     |  Added Cells  |  Removed Cells  |  Optimized Cells/Nets  |  Dont Touch  |  Iterations  |  Elapsed   |
-----------------------------------------------------------------------------------------------------------------------------------------------------------
|  LUT Combining                                    |            0  |           1905  |                  1905  |           0  |           1  |  00:00:03  |
|  Retime                                           |            0  |              0  |                     0  |           0  |           1  |  00:00:00  |
|  Very High Fanout                                 |            0  |              0  |                     0  |           0  |           1  |  00:00:00  |
|  DSP Register                                     |            0  |              0  |                     0  |           0  |           1  |  00:00:00  |
|  Shift Register to Pipeline                       |            0  |              0  |                     0  |           0  |           1  |  00:00:00  |
|  Shift Register                                   |            0  |              0  |                     0  |           0  |           1  |  00:00:00  |
|  BRAM Register                                    |            0  |              0  |                     0  |           0  |           1  |  00:00:00  |
|  URAM Register                                    |            0  |              0  |                     0  |           0  |           1  |  00:00:00  |
|  Dynamic/Static Region Interface Net Replication  |            0  |              0  |                     0  |           0  |           1  |  00:00:00  |
|  Total                                            |            0  |           1905  |                  1905  |           0  |           9  |  00:00:03  |
-----------------------------------------------------------------------------------------------------------------------------------------------------------


Phase 2.4.2 Physical Synthesis In Placer | Checksum: 10b2f4b48

Time (s): cpu = 00:02:42 ; elapsed = 00:01:00 . Memory (MB): peak = 3349.961 ; gain = 241.785 ; free physical = 635104 ; free virtual = 1008999
Phase 2.4 Global Placement Core | Checksum: 92b75812

Time (s): cpu = 00:02:48 ; elapsed = 00:01:02 . Memory (MB): peak = 3349.961 ; gain = 241.785 ; free physical = 635104 ; free virtual = 1008999
Phase 2 Global Placement | Checksum: 92b75812

Time (s): cpu = 00:02:48 ; elapsed = 00:01:02 . Memory (MB): peak = 3349.961 ; gain = 241.785 ; free physical = 635104 ; free virtual = 1009000

Phase 3 Detail Placement

Phase 3.1 Commit Multi Column Macros
Phase 3.1 Commit Multi Column Macros | Checksum: 9c5d1d86

Time (s): cpu = 00:02:59 ; elapsed = 00:01:05 . Memory (MB): peak = 3349.961 ; gain = 241.785 ; free physical = 635106 ; free virtual = 1009002

Phase 3.2 Commit Most Macros & LUTRAMs
Phase 3.2 Commit Most Macros & LUTRAMs | Checksum: d58e6221

Time (s): cpu = 00:03:17 ; elapsed = 00:01:11 . Memory (MB): peak = 3349.961 ; gain = 241.785 ; free physical = 635109 ; free virtual = 1009004

Phase 3.3 Area Swap Optimization
Phase 3.3 Area Swap Optimization | Checksum: 155f4473c

Time (s): cpu = 00:03:18 ; elapsed = 00:01:12 . Memory (MB): peak = 3349.961 ; gain = 241.785 ; free physical = 635109 ; free virtual = 1009004

Phase 3.4 Pipeline Register Optimization
Phase 3.4 Pipeline Register Optimization | Checksum: 13a1d24bd

Time (s): cpu = 00:03:18 ; elapsed = 00:01:12 . Memory (MB): peak = 3349.961 ; gain = 241.785 ; free physical = 635109 ; free virtual = 1009004

Phase 3.5 Fast Optimization
Phase 3.5 Fast Optimization | Checksum: ea75a4e7

Time (s): cpu = 00:03:39 ; elapsed = 00:01:17 . Memory (MB): peak = 3349.961 ; gain = 241.785 ; free physical = 635111 ; free virtual = 1009006

Phase 3.6 Small Shape Detail Placement
Phase 3.6 Small Shape Detail Placement | Checksum: fc411467

Time (s): cpu = 00:03:59 ; elapsed = 00:01:35 . Memory (MB): peak = 3349.961 ; gain = 241.785 ; free physical = 635111 ; free virtual = 1009006

Phase 3.7 Re-assign LUT pins
Phase 3.7 Re-assign LUT pins | Checksum: 120f631e3

Time (s): cpu = 00:04:01 ; elapsed = 00:01:38 . Memory (MB): peak = 3349.961 ; gain = 241.785 ; free physical = 635111 ; free virtual = 1009006

Phase 3.8 Pipeline Register Optimization
Phase 3.8 Pipeline Register Optimization | Checksum: 10c56f002

Time (s): cpu = 00:04:02 ; elapsed = 00:01:38 . Memory (MB): peak = 3349.961 ; gain = 241.785 ; free physical = 635111 ; free virtual = 1009006
Phase 3 Detail Placement | Checksum: 10c56f002

Time (s): cpu = 00:04:02 ; elapsed = 00:01:39 . Memory (MB): peak = 3349.961 ; gain = 241.785 ; free physical = 635111 ; free virtual = 1009006

Phase 4 Post Placement Optimization and Clean-Up

Phase 4.1 Post Commit Optimization
INFO: [Timing 38-35] Done setting XDC timing constraints.

Phase 4.1.1 Post Placement Optimization
Post Placement Optimization Initialization | Checksum: d598f3ef

Phase 4.1.1.1 BUFG Insertion

Starting Physical Synthesis Task

Phase 1 Physical Synthesis Initialization
INFO: [Physopt 32-721] Multithreading enabled for phys_opt_design using a maximum of 8 CPUs
INFO: [Physopt 32-619] Estimated Timing Summary | WNS=-0.772 | TNS=-1.630 |
Phase 1 Physical Synthesis Initialization | Checksum: e52538cd

Time (s): cpu = 00:00:09 ; elapsed = 00:00:03 . Memory (MB): peak = 3371.758 ; gain = 0.000 ; free physical = 635083 ; free virtual = 1008978
INFO: [Place 46-33] Processed net APB_DEV/nand_module/NAND/bbstub_S00_AXI_ARESET_OUT_N, BUFG insertion was skipped due to placement/routing conflicts.
INFO: [Place 46-33] Processed net DMA_MASTER0/p_7_out, BUFG insertion was skipped due to placement/routing conflicts.
INFO: [Place 46-33] Processed net ETHERNET_TOP/u_mac_top_0/u_mac_axi/U_MAC/U_RSTC/rstdmao, BUFG insertion was skipped due to placement/routing conflicts.
INFO: [Place 46-56] BUFG insertion identified 3 candidate nets. Inserted BUFG: 0, Replicated BUFG Driver: 0, Skipped due to Placement/Routing Conflicts: 3, Skipped due to Timing Degradation: 0, Skipped due to netlist editing failed: 0.
Ending Physical Synthesis Task | Checksum: e52538cd

Time (s): cpu = 00:00:11 ; elapsed = 00:00:04 . Memory (MB): peak = 3371.758 ; gain = 0.000 ; free physical = 635083 ; free virtual = 1008978
Phase 4.1.1.1 BUFG Insertion | Checksum: d598f3ef

Time (s): cpu = 00:04:42 ; elapsed = 00:01:53 . Memory (MB): peak = 3371.758 ; gain = 263.582 ; free physical = 635083 ; free virtual = 1008979

Phase 4.1.1.2 Post Placement Timing Optimization
INFO: [Place 30-746] Post Placement Timing Summary WNS=-0.221. For the most accurate timing information please run report_timing.
Phase 4.1.1.2 Post Placement Timing Optimization | Checksum: 1e1b60a33

Time (s): cpu = 00:05:37 ; elapsed = 00:02:29 . Memory (MB): peak = 3371.758 ; gain = 263.582 ; free physical = 635088 ; free virtual = 1008983

Time (s): cpu = 00:05:37 ; elapsed = 00:02:29 . Memory (MB): peak = 3371.758 ; gain = 263.582 ; free physical = 635088 ; free virtual = 1008983
Phase 4.1 Post Commit Optimization | Checksum: 1e1b60a33

Time (s): cpu = 00:05:38 ; elapsed = 00:02:29 . Memory (MB): peak = 3371.758 ; gain = 263.582 ; free physical = 635088 ; free virtual = 1008983

Phase 4.2 Post Placement Cleanup
Phase 4.2 Post Placement Cleanup | Checksum: 1e1b60a33

Time (s): cpu = 00:05:39 ; elapsed = 00:02:30 . Memory (MB): peak = 3371.758 ; gain = 263.582 ; free physical = 635088 ; free virtual = 1008983

Phase 4.3 Placer Reporting

Phase 4.3.1 Print Estimated Congestion
INFO: [Place 30-612] Post-Placement Estimated Congestion 
 ____________________________________________________
|           | Global Congestion | Short Congestion  |
| Direction | Region Size       | Region Size       |
|___________|___________________|___________________|
|      North|                1x1|                2x2|
|___________|___________________|___________________|
|      South|                1x1|                2x2|
|___________|___________________|___________________|
|       East|                1x1|                2x2|
|___________|___________________|___________________|
|       West|                1x1|                1x1|
|___________|___________________|___________________|

Phase 4.3.1 Print Estimated Congestion | Checksum: 1e1b60a33

Time (s): cpu = 00:05:39 ; elapsed = 00:02:31 . Memory (MB): peak = 3371.758 ; gain = 263.582 ; free physical = 635088 ; free virtual = 1008983
Phase 4.3 Placer Reporting | Checksum: 1e1b60a33

Time (s): cpu = 00:05:40 ; elapsed = 00:02:31 . Memory (MB): peak = 3371.758 ; gain = 263.582 ; free physical = 635088 ; free virtual = 1008984

Phase 4.4 Final Placement Cleanup
Netlist sorting complete. Time (s): cpu = 00:00:00.02 ; elapsed = 00:00:00.03 . Memory (MB): peak = 3371.758 ; gain = 0.000 ; free physical = 635088 ; free virtual = 1008984

Time (s): cpu = 00:05:40 ; elapsed = 00:02:31 . Memory (MB): peak = 3371.758 ; gain = 263.582 ; free physical = 635088 ; free virtual = 1008984
Phase 4 Post Placement Optimization and Clean-Up | Checksum: 1d6d73c3d

Time (s): cpu = 00:05:40 ; elapsed = 00:02:32 . Memory (MB): peak = 3371.758 ; gain = 263.582 ; free physical = 635088 ; free virtual = 1008984
Ending Placer Task | Checksum: 120992691

Time (s): cpu = 00:05:41 ; elapsed = 00:02:32 . Memory (MB): peak = 3371.758 ; gain = 263.582 ; free physical = 635088 ; free virtual = 1008984
90 Infos, 112 Warnings, 0 Critical Warnings and 0 Errors encountered.
place_design completed successfully
place_design: Time (s): cpu = 00:05:45 ; elapsed = 00:02:34 . Memory (MB): peak = 3371.758 ; gain = 281.281 ; free physical = 635088 ; free virtual = 1008984
INFO: [runtcl-4] Executing : report_io -file soc_top_io_placed.rpt
report_io: Time (s): cpu = 00:00:00.24 ; elapsed = 00:00:00.36 . Memory (MB): peak = 3371.758 ; gain = 0.000 ; free physical = 635096 ; free virtual = 1008992
INFO: [runtcl-4] Executing : report_utilization -file soc_top_utilization_placed.rpt -pb soc_top_utilization_placed.pb
INFO: [runtcl-4] Executing : report_control_sets -verbose -file soc_top_control_sets_placed.rpt
report_control_sets: Time (s): cpu = 00:00:00.31 ; elapsed = 00:00:00.4 . Memory (MB): peak = 3371.758 ; gain = 0.000 ; free physical = 635111 ; free virtual = 1009007
INFO: [Timing 38-480] Writing timing data to binary archive.
Write ShapeDB Complete: Time (s): cpu = 00:00:00.7 ; elapsed = 00:00:00.15 . Memory (MB): peak = 3371.758 ; gain = 0.000 ; free physical = 635107 ; free virtual = 1009013
Wrote PlaceDB: Time (s): cpu = 00:00:09 ; elapsed = 00:00:03 . Memory (MB): peak = 3371.758 ; gain = 0.000 ; free physical = 635044 ; free virtual = 1009011
Wrote PulsedLatchDB: Time (s): cpu = 00:00:00 ; elapsed = 00:00:00 . Memory (MB): peak = 3371.758 ; gain = 0.000 ; free physical = 635044 ; free virtual = 1009011
Writing XDEF routing.
Writing XDEF routing logical nets.
Writing XDEF routing special nets.
Wrote RouteStorage: Time (s): cpu = 00:00:00.07 ; elapsed = 00:00:00.09 . Memory (MB): peak = 3371.758 ; gain = 0.000 ; free physical = 635044 ; free virtual = 1009011
Wrote Netlist Cache: Time (s): cpu = 00:00:00.08 ; elapsed = 00:00:00.09 . Memory (MB): peak = 3371.758 ; gain = 0.000 ; free physical = 635038 ; free virtual = 1009011
Wrote Device Cache: Time (s): cpu = 00:00:00.01 ; elapsed = 00:00:00.01 . Memory (MB): peak = 3371.758 ; gain = 0.000 ; free physical = 635037 ; free virtual = 1009011
Write Physdb Complete: Time (s): cpu = 00:00:09 ; elapsed = 00:00:04 . Memory (MB): peak = 3371.758 ; gain = 0.000 ; free physical = 635037 ; free virtual = 1009011
INFO: [Common 17-1381] The checkpoint '/home/geekpie/work/chiplab-usb-20260722/fpga/loongson/2023.2/system_run.runs/impl_1/soc_top_placed.dcp' has been generated.
write_checkpoint: Time (s): cpu = 00:00:17 ; elapsed = 00:00:09 . Memory (MB): peak = 3395.770 ; gain = 24.012 ; free physical = 635080 ; free virtual = 1008997
Command: phys_opt_design -directive Explore
Attempting to get a license for feature 'Implementation' and/or device 'xc7a200t'
INFO: [Common 17-349] Got license for feature 'Implementation' and/or device 'xc7a200t'
INFO: [Vivado_Tcl 4-137] Directive used for phys_opt_design is: Explore

Starting Initial Update Timing Task

Time (s): cpu = 00:00:21 ; elapsed = 00:00:06 . Memory (MB): peak = 3395.770 ; gain = 0.000 ; free physical = 635080 ; free virtual = 1008996
INFO: [Vivado_Tcl 4-1435] PhysOpt_Tcl_Interface Runtime Before Starting Physical Synthesis Task | CPU: 23.27s |  WALL: 6.09s
Netlist sorting complete. Time (s): cpu = 00:00:00.01 ; elapsed = 00:00:00.01 . Memory (MB): peak = 3395.770 ; gain = 0.000 ; free physical = 635080 ; free virtual = 1008996

Starting Physical Synthesis Task

Phase 1 Physical Synthesis Initialization
INFO: [Physopt 32-721] Multithreading enabled for phys_opt_design using a maximum of 8 CPUs
INFO: [Physopt 32-619] Estimated Timing Summary | WNS=-0.221 | TNS=-0.221 |
Phase 1 Physical Synthesis Initialization | Checksum: 14a6a7aa9

Time (s): cpu = 00:00:13 ; elapsed = 00:00:05 . Memory (MB): peak = 3395.770 ; gain = 0.000 ; free physical = 635075 ; free virtual = 1008991

Phase 2 SLR Crossing Optimization
Phase 2 SLR Crossing Optimization | Checksum: 14a6a7aa9

Time (s): cpu = 00:00:14 ; elapsed = 00:00:05 . Memory (MB): peak = 3395.770 ; gain = 0.000 ; free physical = 635075 ; free virtual = 1008991
INFO: [Physopt 32-619] Estimated Timing Summary | WNS=-0.221 | TNS=-0.221 |

Phase 3 Fanout Optimization
INFO: [Physopt 32-712] Optimization is not feasible on net state_q[3] due to MARK_DEBUG attribute.
INFO: [Physopt 32-712] Optimization is not feasible on net state_q[2] due to MARK_DEBUG attribute.
INFO: [Physopt 32-712] Optimization is not feasible on net state_q[1] due to MARK_DEBUG attribute.
INFO: [Physopt 32-64] No nets found for fanout-optimization.
INFO: [Physopt 32-232] Optimized 0 net. Created 0 new instance.
INFO: [Physopt 32-775] End 1 Pass. Optimized 0 net or cell. Created 0 new cell, deleted 0 existing cell and moved 0 existing cell
Phase 3 Fanout Optimization | Checksum: 14a6a7aa9

Time (s): cpu = 00:00:16 ; elapsed = 00:00:06 . Memory (MB): peak = 3395.770 ; gain = 0.000 ; free physical = 635075 ; free virtual = 1008991

Phase 4 Single Cell Placement Optimization
INFO: [Physopt 32-660] Identified 18 candidate nets for placement-based optimization.
INFO: [Physopt 32-662] Processed net APB_DEV/usb_host_controller/usb_host_inst/u_sie/state_q[1].  Did not re-place instance APB_DEV/usb_host_controller/usb_host_inst/u_sie/state_q_inferred_i_3
INFO: [Physopt 32-662] Processed net APB_DEV/usb_host_controller/usb_host_inst/u_sie/FSM_onehot_state_q_reg_n_0_[6].  Did not re-place instance APB_DEV/usb_host_controller/usb_host_inst/u_sie/FSM_onehot_state_q_reg[6]
INFO: [Physopt 32-663] Processed net APB_DEV/usb_host_controller/usb_host_inst/u_sie/utmi_txvalid_o.  Re-placed instance APB_DEV/usb_host_controller/usb_host_inst/u_sie/utmi_txvalid_o_inferred_i_1
INFO: [Physopt 32-663] Processed net APB_DEV/usb_host_controller/usb_host_inst/u_sie/FSM_onehot_state_q_reg_n_0_[7].  Re-placed instance APB_DEV/usb_host_controller/usb_host_inst/u_sie/FSM_onehot_state_q_reg[7]
INFO: [Physopt 32-662] Processed net APB_DEV/usb_host_controller/usb_host_inst/u_sie/state_q_inferred_i_6_n_0.  Did not re-place instance APB_DEV/usb_host_controller/usb_host_inst/u_sie/state_q_inferred_i_6
INFO: [Physopt 32-662] Processed net APB_DEV/usb_host_controller/usb_host_inst/u_sie/FSM_onehot_state_q_reg_n_0_[1].  Did not re-place instance APB_DEV/usb_host_controller/usb_host_inst/u_sie/FSM_onehot_state_q_reg[1]
INFO: [Physopt 32-662] Processed net APB_DEV/usb_host_controller/usb_host_inst/u_sie/FSM_onehot_state_q_reg_n_0_[10].  Did not re-place instance APB_DEV/usb_host_controller/usb_host_inst/u_sie/FSM_onehot_state_q_reg[10]
INFO: [Physopt 32-663] Processed net APB_DEV/usb_host_controller/usb_host_inst/u_sie/FSM_onehot_state_q_reg_n_0_[11].  Re-placed instance APB_DEV/usb_host_controller/usb_host_inst/u_sie/FSM_onehot_state_q_reg[11]
INFO: [Physopt 32-662] Processed net APB_DEV/usb_host_controller/usb_host_inst/u_sie/state_q[3].  Did not re-place instance APB_DEV/usb_host_controller/usb_host_inst/u_sie/state_q_inferred_i_1
INFO: [Physopt 32-662] Processed net APB_DEV/usb_host_controller/usb_host_inst/u_sie/state_q[2].  Did not re-place instance APB_DEV/usb_host_controller/usb_host_inst/u_sie/state_q_inferred_i_2
INFO: [Physopt 32-663] Processed net APB_DEV/usb_host_controller/usb_host_inst/u_sie/FSM_onehot_state_q_reg_n_0_[8].  Re-placed instance APB_DEV/usb_host_controller/usb_host_inst/u_sie/FSM_onehot_state_q_reg[8]
INFO: [Physopt 32-662] Processed net APB_DEV/usb_host_controller/usb_host_inst/u_sie/FSM_onehot_state_q_reg_n_0_[9].  Did not re-place instance APB_DEV/usb_host_controller/usb_host_inst/u_sie/FSM_onehot_state_q_reg[9]
INFO: [Physopt 32-662] Processed net APB_DEV/usb_host_controller/usb_host_inst/u_sie/FSM_onehot_state_q_reg_n_0_[13].  Did not re-place instance APB_DEV/usb_host_controller/usb_host_inst/u_sie/FSM_onehot_state_q_reg[13]
INFO: [Physopt 32-663] Processed net APB_DEV/usb_host_controller/usb_host_inst/u_sie/FSM_onehot_state_q_reg_n_0_[4].  Re-placed instance APB_DEV/usb_host_controller/usb_host_inst/u_sie/FSM_onehot_state_q_reg[4]
INFO: [Physopt 32-662] Processed net APB_DEV/usb_host_controller/usb_host_inst/u_sie/state_q_inferred_i_5_n_0.  Did not re-place instance APB_DEV/usb_host_controller/usb_host_inst/u_sie/state_q_inferred_i_5
INFO: [Physopt 32-662] Processed net APB_DEV/usb_host_controller/usb_host_inst/u_sie/FSM_onehot_state_q_reg_n_0_[2].  Did not re-place instance APB_DEV/usb_host_controller/usb_host_inst/u_sie/FSM_onehot_state_q_reg[2]
INFO: [Physopt 32-662] Processed net APB_DEV/usb_host_controller/usb_host_inst/u_sie/FSM_onehot_state_q_reg_n_0_[3].  Did not re-place instance APB_DEV/usb_host_controller/usb_host_inst/u_sie/FSM_onehot_state_q_reg[3]
INFO: [Physopt 32-662] Processed net APB_DEV/usb_host_controller/usb_host_inst/u_sie/FSM_onehot_state_q_reg_n_0_[5].  Did not re-place instance APB_DEV/usb_host_controller/usb_host_inst/u_sie/FSM_onehot_state_q_reg[5]
INFO: [Physopt 32-661] Optimized 5 nets.  Re-placed 5 instances.
INFO: [Physopt 32-775] End 1 Pass. Optimized 5 nets or cells. Created 0 new cell, deleted 0 existing cell and moved 5 existing cells
INFO: [Physopt 32-619] Estimated Timing Summary | WNS=-0.161 | TNS=-0.161 |
Netlist sorting complete. Time (s): cpu = 00:00:00.01 ; elapsed = 00:00:00.02 . Memory (MB): peak = 3395.770 ; gain = 0.000 ; free physical = 635076 ; free virtual = 1008992
Phase 4 Single Cell Placement Optimization | Checksum: 100e8c660

Time (s): cpu = 00:00:20 ; elapsed = 00:00:08 . Memory (MB): peak = 3395.770 ; gain = 0.000 ; free physical = 635076 ; free virtual = 1008992

Phase 5 Multi Cell Placement Optimization
INFO: [Physopt 32-660] Identified 18 candidate nets for placement-based optimization.
INFO: [Physopt 32-662] Processed net APB_DEV/usb_host_controller/usb_host_inst/u_sie/state_q[1].  Did not re-place instance APB_DEV/usb_host_controller/usb_host_inst/u_sie/state_q_inferred_i_3/O
INFO: [Physopt 32-662] Processed net APB_DEV/usb_host_controller/usb_host_inst/u_sie/FSM_onehot_state_q_reg_n_0_[6].  Did not re-place instance APB_DEV/usb_host_controller/usb_host_inst/u_sie/FSM_onehot_state_q_reg[6]/Q
INFO: [Physopt 32-662] Processed net APB_DEV/usb_host_controller/usb_host_inst/u_sie/FSM_onehot_state_q_reg_n_0_[7].  Did not re-place instance APB_DEV/usb_host_controller/usb_host_inst/u_sie/FSM_onehot_state_q_reg[7]/Q
INFO: [Physopt 32-662] Processed net APB_DEV/usb_host_controller/usb_host_inst/u_sie/FSM_onehot_state_q_reg_n_0_[11].  Did not re-place instance APB_DEV/usb_host_controller/usb_host_inst/u_sie/FSM_onehot_state_q_reg[11]/Q
INFO: [Physopt 32-662] Processed net APB_DEV/usb_host_controller/usb_host_inst/u_sie/FSM_onehot_state_q_reg_n_0_[10].  Did not re-place instance APB_DEV/usb_host_controller/usb_host_inst/u_sie/FSM_onehot_state_q_reg[10]/Q
INFO: [Physopt 32-662] Processed net APB_DEV/usb_host_controller/usb_host_inst/u_sie/state_q[3].  Did not re-place instance APB_DEV/usb_host_controller/usb_host_inst/u_sie/state_q_inferred_i_1/O
INFO: [Physopt 32-662] Processed net APB_DEV/usb_host_controller/usb_host_inst/u_sie/FSM_onehot_state_q_reg_n_0_[13].  Did not re-place instance APB_DEV/usb_host_controller/usb_host_inst/u_sie/FSM_onehot_state_q_reg[13]/Q
INFO: [Physopt 32-661] Optimized 0 net.  Re-placed 0 instance.
INFO: [Physopt 32-775] End 1 Pass. Optimized 0 net or cell. Created 0 new cell, deleted 0 existing cell and moved 0 existing cell
Netlist sorting complete. Time (s): cpu = 00:00:00.01 ; elapsed = 00:00:00 . Memory (MB): peak = 3395.770 ; gain = 0.000 ; free physical = 635076 ; free virtual = 1008992
Phase 5 Multi Cell Placement Optimization | Checksum: 100e8c660

Time (s): cpu = 00:00:24 ; elapsed = 00:00:09 . Memory (MB): peak = 3395.770 ; gain = 0.000 ; free physical = 635076 ; free virtual = 1008992

Phase 6 Rewire
INFO: [Physopt 32-246] Starting Signal Push optimization...
INFO: [Physopt 32-712] Optimization is not feasible on net state_q[3] due to MARK_DEBUG attribute.
INFO: [Physopt 32-712] Optimization is not feasible on net state_q[1] due to MARK_DEBUG attribute.
INFO: [Physopt 32-712] Optimization is not feasible on net utmi_txvalid_o due to MARK_DEBUG attribute.
INFO: [Physopt 32-241] No nets found for rewiring () optimization.
INFO: [Physopt 32-232] Optimized 0 net. Created 0 new instance.
INFO: [Physopt 32-775] End 1 Pass. Optimized 0 net or cell. Created 0 new cell, deleted 0 existing cell and moved 0 existing cell
Netlist sorting complete. Time (s): cpu = 00:00:00.01 ; elapsed = 00:00:00.02 . Memory (MB): peak = 3395.770 ; gain = 0.000 ; free physical = 635076 ; free virtual = 1008992
Phase 6 Rewire | Checksum: 100e8c660

Time (s): cpu = 00:00:25 ; elapsed = 00:00:10 . Memory (MB): peak = 3395.770 ; gain = 0.000 ; free physical = 635077 ; free virtual = 1008993

Phase 7 Critical Cell Optimization
INFO: [Physopt 32-712] Optimization is not feasible on net state_q[3] due to MARK_DEBUG attribute.
INFO: [Physopt 32-712] Optimization is not feasible on net state_q[2] due to MARK_DEBUG attribute.
INFO: [Physopt 32-712] Optimization is not feasible on net state_q[1] due to MARK_DEBUG attribute.
INFO: [Physopt 32-46] Identified 13 candidate nets for critical-cell optimization.
INFO: [Physopt 32-81] Processed net APB_DEV/usb_host_controller/usb_host_inst/u_sie/FSM_onehot_state_q_reg_n_0_[6]. Replicated 1 times.
INFO: [Physopt 32-571] Net APB_DEV/usb_host_controller/usb_host_inst/u_sie/FSM_onehot_state_q_reg_n_0_[11] was not replicated.
INFO: [Physopt 32-572] Net APB_DEV/usb_host_controller/usb_host_inst/u_sie/FSM_onehot_state_q_reg_n_0_[10] was not replicated.
Resolution: phys_opt_design can be forced to replicate a net driver using the option -force_replication_on_nets <list of net objects>.
INFO: [Physopt 32-571] Net APB_DEV/usb_host_controller/usb_host_inst/u_sie/FSM_onehot_state_q_reg_n_0_[13] was not replicated.
INFO: [Physopt 32-571] Net APB_DEV/usb_host_controller/usb_host_inst/u_sie/state_q_inferred_i_6_n_0 was not replicated.
INFO: [Physopt 32-571] Net APB_DEV/usb_host_controller/usb_host_inst/u_sie/FSM_onehot_state_q_reg_n_0_[1] was not replicated.
INFO: [Physopt 32-571] Net APB_DEV/usb_host_controller/usb_host_inst/u_sie/FSM_onehot_state_q_reg_n_0_[4] was not replicated.
INFO: [Physopt 32-571] Net APB_DEV/usb_host_controller/usb_host_inst/u_sie/FSM_onehot_state_q_reg_n_0_[3] was not replicated.
INFO: [Physopt 32-571] Net APB_DEV/usb_host_controller/usb_host_inst/u_sie/FSM_onehot_state_q_reg_n_0_[9] was not replicated.
INFO: [Physopt 32-571] Net APB_DEV/usb_host_controller/usb_host_inst/u_sie/FSM_onehot_state_q_reg_n_0_[2] was not replicated.
INFO: [Physopt 32-571] Net APB_DEV/usb_host_controller/usb_host_inst/u_sie/FSM_onehot_state_q_reg_n_0_[8] was not replicated.
INFO: [Physopt 32-571] Net APB_DEV/usb_host_controller/usb_host_inst/u_sie/FSM_onehot_state_q_reg_n_0_[5] was not replicated.
INFO: [Physopt 32-232] Optimized 1 net. Created 1 new instance.
INFO: [Physopt 32-775] End 1 Pass. Optimized 1 net or cell. Created 1 new cell, deleted 0 existing cell and moved 0 existing cell
INFO: [Physopt 32-619] Estimated Timing Summary | WNS=-0.122 | TNS=-0.122 |
Netlist sorting complete. Time (s): cpu = 00:00:00.01 ; elapsed = 00:00:00.02 . Memory (MB): peak = 3395.770 ; gain = 0.000 ; free physical = 635077 ; free virtual = 1008993
Phase 7 Critical Cell Optimization | Checksum: 19a857101

Time (s): cpu = 00:00:26 ; elapsed = 00:00:11 . Memory (MB): peak = 3395.770 ; gain = 0.000 ; free physical = 635077 ; free virtual = 1008993

Phase 8 Fanout Optimization
INFO: [Physopt 32-712] Optimization is not feasible on net state_q[3] due to MARK_DEBUG attribute.
INFO: [Physopt 32-712] Optimization is not feasible on net state_q[2] due to MARK_DEBUG attribute.
INFO: [Physopt 32-712] Optimization is not feasible on net state_q[1] due to MARK_DEBUG attribute.
INFO: [Physopt 32-64] No nets found for fanout-optimization.
INFO: [Physopt 32-232] Optimized 0 net. Created 0 new instance.
INFO: [Physopt 32-775] End 1 Pass. Optimized 0 net or cell. Created 0 new cell, deleted 0 existing cell and moved 0 existing cell
Phase 8 Fanout Optimization | Checksum: 19a857101

Time (s): cpu = 00:00:27 ; elapsed = 00:00:11 . Memory (MB): peak = 3395.770 ; gain = 0.000 ; free physical = 635077 ; free virtual = 1008993

Phase 9 Single Cell Placement Optimization
INFO: [Physopt 32-660] Identified 18 candidate nets for placement-based optimization.
INFO: [Physopt 32-662] Processed net APB_DEV/usb_host_controller/usb_host_inst/u_sie/state_q[1].  Did not re-place instance APB_DEV/usb_host_controller/usb_host_inst/u_sie/state_q_inferred_i_3
INFO: [Physopt 32-662] Processed net APB_DEV/usb_host_controller/usb_host_inst/u_sie/utmi_txvalid_o.  Did not re-place instance APB_DEV/usb_host_controller/usb_host_inst/u_sie/utmi_txvalid_o_inferred_i_1
INFO: [Physopt 32-662] Processed net APB_DEV/usb_host_controller/usb_host_inst/u_sie/FSM_onehot_state_q_reg_n_0_[6]_repN.  Did not re-place instance APB_DEV/usb_host_controller/usb_host_inst/u_sie/FSM_onehot_state_q_reg[6]_replica
INFO: [Physopt 32-662] Processed net APB_DEV/usb_host_controller/usb_host_inst/u_sie/FSM_onehot_state_q_reg_n_0_[7].  Did not re-place instance APB_DEV/usb_host_controller/usb_host_inst/u_sie/FSM_onehot_state_q_reg[7]
INFO: [Physopt 32-662] Processed net APB_DEV/usb_host_controller/usb_host_inst/u_sie/FSM_onehot_state_q_reg_n_0_[11].  Did not re-place instance APB_DEV/usb_host_controller/usb_host_inst/u_sie/FSM_onehot_state_q_reg[11]
INFO: [Physopt 32-662] Processed net APB_DEV/usb_host_controller/usb_host_inst/u_sie/FSM_onehot_state_q_reg_n_0_[10].  Did not re-place instance APB_DEV/usb_host_controller/usb_host_inst/u_sie/FSM_onehot_state_q_reg[10]
INFO: [Physopt 32-662] Processed net APB_DEV/usb_host_controller/usb_host_inst/u_sie/state_q[3].  Did not re-place instance APB_DEV/usb_host_controller/usb_host_inst/u_sie/state_q_inferred_i_1
INFO: [Physopt 32-662] Processed net APB_DEV/usb_host_controller/usb_host_inst/u_sie/FSM_onehot_state_q_reg_n_0_[13].  Did not re-place instance APB_DEV/usb_host_controller/usb_host_inst/u_sie/FSM_onehot_state_q_reg[13]
INFO: [Physopt 32-662] Processed net APB_DEV/usb_host_controller/usb_host_inst/u_sie/state_q_inferred_i_6_n_0.  Did not re-place instance APB_DEV/usb_host_controller/usb_host_inst/u_sie/state_q_inferred_i_6
INFO: [Physopt 32-662] Processed net APB_DEV/usb_host_controller/usb_host_inst/u_sie/FSM_onehot_state_q_reg_n_0_[1].  Did not re-place instance APB_DEV/usb_host_controller/usb_host_inst/u_sie/FSM_onehot_state_q_reg[1]
INFO: [Physopt 32-662] Processed net APB_DEV/usb_host_controller/usb_host_inst/u_sie/FSM_onehot_state_q_reg_n_0_[4].  Did not re-place instance APB_DEV/usb_host_controller/usb_host_inst/u_sie/FSM_onehot_state_q_reg[4]
INFO: [Physopt 32-662] Processed net APB_DEV/usb_host_controller/usb_host_inst/u_sie/state_q_inferred_i_5_n_0.  Did not re-place instance APB_DEV/usb_host_controller/usb_host_inst/u_sie/state_q_inferred_i_5
INFO: [Physopt 32-662] Processed net APB_DEV/usb_host_controller/usb_host_inst/u_sie/FSM_onehot_state_q_reg_n_0_[3].  Did not re-place instance APB_DEV/usb_host_controller/usb_host_inst/u_sie/FSM_onehot_state_q_reg[3]
INFO: [Physopt 32-662] Processed net APB_DEV/usb_host_controller/usb_host_inst/u_sie/state_q[2].  Did not re-place instance APB_DEV/usb_host_controller/usb_host_inst/u_sie/state_q_inferred_i_2
INFO: [Physopt 32-662] Processed net APB_DEV/usb_host_controller/usb_host_inst/u_sie/FSM_onehot_state_q_reg_n_0_[9].  Did not re-place instance APB_DEV/usb_host_controller/usb_host_inst/u_sie/FSM_onehot_state_q_reg[9]
INFO: [Physopt 32-662] Processed net APB_DEV/usb_host_controller/usb_host_inst/u_sie/FSM_onehot_state_q_reg_n_0_[2].  Did not re-place instance APB_DEV/usb_host_controller/usb_host_inst/u_sie/FSM_onehot_state_q_reg[2]
INFO: [Physopt 32-662] Processed net APB_DEV/usb_host_controller/usb_host_inst/u_sie/FSM_onehot_state_q_reg_n_0_[8].  Did not re-place instance APB_DEV/usb_host_controller/usb_host_inst/u_sie/FSM_onehot_state_q_reg[8]
INFO: [Physopt 32-662] Processed net APB_DEV/usb_host_controller/usb_host_inst/u_sie/FSM_onehot_state_q_reg_n_0_[5].  Did not re-place instance APB_DEV/usb_host_controller/usb_host_inst/u_sie/FSM_onehot_state_q_reg[5]
INFO: [Physopt 32-661] Optimized 0 net.  Re-placed 0 instance.
INFO: [Physopt 32-775] End 1 Pass. Optimized 0 net or cell. Created 0 new cell, deleted 0 existing cell and moved 0 existing cell
Netlist sorting complete. Time (s): cpu = 00:00:00.01 ; elapsed = 00:00:00.01 . Memory (MB): peak = 3395.770 ; gain = 0.000 ; free physical = 635076 ; free virtual = 1008992
Phase 9 Single Cell Placement Optimization | Checksum: 19a857101

Time (s): cpu = 00:00:32 ; elapsed = 00:00:13 . Memory (MB): peak = 3395.770 ; gain = 0.000 ; free physical = 635076 ; free virtual = 1008992

Phase 10 Multi Cell Placement Optimization
INFO: [Physopt 32-660] Identified 18 candidate nets for placement-based optimization.
INFO: [Physopt 32-662] Processed net APB_DEV/usb_host_controller/usb_host_inst/u_sie/state_q[1].  Did not re-place instance APB_DEV/usb_host_controller/usb_host_inst/u_sie/state_q_inferred_i_3/O
INFO: [Physopt 32-662] Processed net APB_DEV/usb_host_controller/usb_host_inst/u_sie/FSM_onehot_state_q_reg_n_0_[6]_repN.  Did not re-place instance APB_DEV/usb_host_controller/usb_host_inst/u_sie/FSM_onehot_state_q_reg[6]_replica/Q
INFO: [Physopt 32-662] Processed net APB_DEV/usb_host_controller/usb_host_inst/u_sie/FSM_onehot_state_q_reg_n_0_[7].  Did not re-place instance APB_DEV/usb_host_controller/usb_host_inst/u_sie/FSM_onehot_state_q_reg[7]/Q
INFO: [Physopt 32-662] Processed net APB_DEV/usb_host_controller/usb_host_inst/u_sie/FSM_onehot_state_q_reg_n_0_[11].  Did not re-place instance APB_DEV/usb_host_controller/usb_host_inst/u_sie/FSM_onehot_state_q_reg[11]/Q
INFO: [Physopt 32-662] Processed net APB_DEV/usb_host_controller/usb_host_inst/u_sie/FSM_onehot_state_q_reg_n_0_[10].  Did not re-place instance APB_DEV/usb_host_controller/usb_host_inst/u_sie/FSM_onehot_state_q_reg[10]/Q
INFO: [Physopt 32-662] Processed net APB_DEV/usb_host_controller/usb_host_inst/u_sie/state_q[3].  Did not re-place instance APB_DEV/usb_host_controller/usb_host_inst/u_sie/state_q_inferred_i_1/O
INFO: [Physopt 32-663] Processed net APB_DEV/usb_host_controller/usb_host_inst/u_sie/FSM_onehot_state_q_reg_n_0_[13].  Re-placed instance APB_DEV/usb_host_controller/usb_host_inst/u_sie/FSM_onehot_state_q_reg[13]/Q
INFO: [Physopt 32-663] Processed net APB_DEV/usb_host_controller/usb_host_inst/u_sie/FSM_onehot_state_q_reg_n_0_[4].  Re-placed instance APB_DEV/usb_host_controller/usb_host_inst/u_sie/FSM_onehot_state_q_reg[4]/Q
INFO: [Physopt 32-661] Optimized 2 nets.  Re-placed 4 instances.
INFO: [Physopt 32-775] End 1 Pass. Optimized 2 nets or cells. Created 0 new cell, deleted 0 existing cell and moved 4 existing cells
INFO: [Physopt 32-619] Estimated Timing Summary | WNS=-0.122 | TNS=-0.122 |
Netlist sorting complete. Time (s): cpu = 00:00:00.01 ; elapsed = 00:00:00.02 . Memory (MB): peak = 3395.770 ; gain = 0.000 ; free physical = 635076 ; free virtual = 1008993
Phase 10 Multi Cell Placement Optimization | Checksum: 11cd3a51e

Time (s): cpu = 00:00:37 ; elapsed = 00:00:15 . Memory (MB): peak = 3395.770 ; gain = 0.000 ; free physical = 635076 ; free virtual = 1008993

Phase 11 Rewire
INFO: [Physopt 32-246] Starting Signal Push optimization...
INFO: [Physopt 32-712] Optimization is not feasible on net state_q[1] due to MARK_DEBUG attribute.
INFO: [Physopt 32-712] Optimization is not feasible on net utmi_txvalid_o due to MARK_DEBUG attribute.
INFO: [Physopt 32-241] No nets found for rewiring () optimization.
INFO: [Physopt 32-232] Optimized 0 net. Created 0 new instance.
INFO: [Physopt 32-775] End 1 Pass. Optimized 0 net or cell. Created 0 new cell, deleted 0 existing cell and moved 0 existing cell
Netlist sorting complete. Time (s): cpu = 00:00:00 ; elapsed = 00:00:00.01 . Memory (MB): peak = 3395.770 ; gain = 0.000 ; free physical = 635076 ; free virtual = 1008993
Phase 11 Rewire | Checksum: 11cd3a51e

Time (s): cpu = 00:00:37 ; elapsed = 00:00:15 . Memory (MB): peak = 3395.770 ; gain = 0.000 ; free physical = 635077 ; free virtual = 1008993

Phase 12 Critical Cell Optimization
INFO: [Physopt 32-712] Optimization is not feasible on net state_q[3] due to MARK_DEBUG attribute.
INFO: [Physopt 32-712] Optimization is not feasible on net state_q[2] due to MARK_DEBUG attribute.
INFO: [Physopt 32-712] Optimization is not feasible on net state_q[1] due to MARK_DEBUG attribute.
INFO: [Physopt 32-46] Identified 6 candidate nets for critical-cell optimization.
INFO: [Physopt 32-571] Net APB_DEV/usb_host_controller/usb_host_inst/u_sie/FSM_onehot_state_q_reg_n_0_[4] was not replicated.
INFO: [Physopt 32-571] Net APB_DEV/usb_host_controller/usb_host_inst/u_sie/FSM_onehot_state_q_reg_n_0_[13] was not replicated.
INFO: [Physopt 32-571] Net APB_DEV/usb_host_controller/usb_host_inst/u_sie/FSM_onehot_state_q_reg_n_0_[10] was not replicated.
INFO: [Physopt 32-571] Net APB_DEV/usb_host_controller/usb_host_inst/u_sie/FSM_onehot_state_q_reg_n_0_[5] was not replicated.
INFO: [Physopt 32-571] Net APB_DEV/usb_host_controller/usb_host_inst/u_sie/FSM_onehot_state_q_reg_n_0_[3] was not replicated.
INFO: [Physopt 32-232] Optimized 0 net. Created 0 new instance.
INFO: [Physopt 32-775] End 1 Pass. Optimized 0 net or cell. Created 0 new cell, deleted 0 existing cell and moved 0 existing cell
Phase 12 Critical Cell Optimization | Checksum: 11cd3a51e

Time (s): cpu = 00:00:38 ; elapsed = 00:00:16 . Memory (MB): peak = 3395.770 ; gain = 0.000 ; free physical = 635077 ; free virtual = 1008993

Phase 13 SLR Crossing Optimization
Phase 13 SLR Crossing Optimization | Checksum: 11cd3a51e

Time (s): cpu = 00:00:38 ; elapsed = 00:00:16 . Memory (MB): peak = 3395.770 ; gain = 0.000 ; free physical = 635077 ; free virtual = 1008994

Phase 14 Fanout Optimization
INFO: [Physopt 32-712] Optimization is not feasible on net state_q[3] due to MARK_DEBUG attribute.
INFO: [Physopt 32-712] Optimization is not feasible on net state_q[2] due to MARK_DEBUG attribute.
INFO: [Physopt 32-712] Optimization is not feasible on net state_q[1] due to MARK_DEBUG attribute.
INFO: [Physopt 32-64] No nets found for fanout-optimization.
INFO: [Physopt 32-232] Optimized 0 net. Created 0 new instance.
INFO: [Physopt 32-775] End 1 Pass. Optimized 0 net or cell. Created 0 new cell, deleted 0 existing cell and moved 0 existing cell
Phase 14 Fanout Optimization | Checksum: 11cd3a51e

Time (s): cpu = 00:00:39 ; elapsed = 00:00:17 . Memory (MB): peak = 3395.770 ; gain = 0.000 ; free physical = 635077 ; free virtual = 1008994

Phase 15 Single Cell Placement Optimization
INFO: [Physopt 32-660] Identified 25 candidate nets for placement-based optimization.
INFO: [Physopt 32-662] Processed net APB_DEV/usb_host_controller/usb_host_inst/u_sie/state_q[1].  Did not re-place instance APB_DEV/usb_host_controller/usb_host_inst/u_sie/state_q_inferred_i_3
INFO: [Physopt 32-662] Processed net APB_DEV/usb_host_controller/usb_host_inst/u_sie/utmi_txvalid_o.  Did not re-place instance APB_DEV/usb_host_controller/usb_host_inst/u_sie/utmi_txvalid_o_inferred_i_1
INFO: [Physopt 32-662] Processed net APB_DEV/usb_host_controller/usb_host_inst/u_sie/FSM_onehot_state_q_reg_n_0_[6]_repN.  Did not re-place instance APB_DEV/usb_host_controller/usb_host_inst/u_sie/FSM_onehot_state_q_reg[6]_replica
INFO: [Physopt 32-662] Processed net APB_DEV/usb_host_controller/usb_host_inst/u_sie/FSM_onehot_state_q_reg_n_0_[7].  Did not re-place instance APB_DEV/usb_host_controller/usb_host_inst/u_sie/FSM_onehot_state_q_reg[7]
INFO: [Physopt 32-663] Processed net APB_DEV/usb_host_controller/usb_host_inst/u_sie/FSM_onehot_state_q_reg_n_0_[11].  Re-placed instance APB_DEV/usb_host_controller/usb_host_inst/u_sie/FSM_onehot_state_q_reg[11]
INFO: [Physopt 32-662] Processed net APB_DEV/usb_host_controller/usb_host_inst/u_sie/state_q_inferred_i_6_n_0.  Did not re-place instance APB_DEV/usb_host_controller/usb_host_inst/u_sie/state_q_inferred_i_6
INFO: [Physopt 32-662] Processed net APB_DEV/usb_host_controller/usb_host_inst/u_sie/FSM_onehot_state_q_reg_n_0_[1].  Did not re-place instance APB_DEV/usb_host_controller/usb_host_inst/u_sie/FSM_onehot_state_q_reg[1]
INFO: [Physopt 32-662] Processed net APB_DEV/usb_host_controller/usb_host_inst/u_sie/state_q[3].  Did not re-place instance APB_DEV/usb_host_controller/usb_host_inst/u_sie/state_q_inferred_i_1
INFO: [Physopt 32-663] Processed net APB_DEV/usb_host_controller/usb_host_inst/u_sie/FSM_onehot_state_q_reg_n_0_[4].  Re-placed instance APB_DEV/usb_host_controller/usb_host_inst/u_sie/FSM_onehot_state_q_reg[4]
INFO: [Physopt 32-662] Processed net APB_DEV/usb_host_controller/usb_host_inst/u_sie/state_q_inferred_i_5_n_0.  Did not re-place instance APB_DEV/usb_host_controller/usb_host_inst/u_sie/state_q_inferred_i_5
INFO: [Physopt 32-663] Processed net APB_DEV/usb_host_controller/usb_host_inst/u_sie/FSM_onehot_state_q_reg_n_0_[13].  Re-placed instance APB_DEV/usb_host_controller/usb_host_inst/u_sie/FSM_onehot_state_q_reg[13]
INFO: [Physopt 32-663] Processed net APB_DEV/usb_host_controller/usb_host_inst/u_sie/FSM_onehot_state_q_reg_n_0_[10].  Re-placed instance APB_DEV/usb_host_controller/usb_host_inst/u_sie/FSM_onehot_state_q_reg[10]
INFO: [Physopt 32-663] Processed net APB_DEV/usb_host_controller/usb_host_inst/u_sie/utmi_data_o[5]_INST_0_i_2_n_0.  Re-placed instance APB_DEV/usb_host_controller/usb_host_inst/u_sie/utmi_data_o[5]_INST_0_i_2
INFO: [Physopt 32-662] Processed net APB_DEV/usb_host_controller/usb_host_inst/u_sie/utmi_data_o[5].  Did not re-place instance APB_DEV/usb_host_controller/usb_host_inst/u_sie/utmi_data_o[5]_INST_0
INFO: [Physopt 32-662] Processed net APB_DEV/usb_host_controller/usb_host_inst/u_sie/utmi_data_o[2].  Did not re-place instance APB_DEV/usb_host_controller/usb_host_inst/u_sie/utmi_data_o[2]_INST_0
INFO: [Physopt 32-662] Processed net APB_DEV/usb_host_controller/usb_host_inst/u_sie/state_q[2].  Did not re-place instance APB_DEV/usb_host_controller/usb_host_inst/u_sie/state_q_inferred_i_2
INFO: [Physopt 32-662] Processed net APB_DEV/usb_host_controller/usb_host_inst/u_sie/FSM_onehot_state_q_reg_n_0_[9].  Did not re-place instance APB_DEV/usb_host_controller/usb_host_inst/u_sie/FSM_onehot_state_q_reg[9]
INFO: [Physopt 32-662] Processed net APB_DEV/usb_host_controller/usb_host_inst/u_sie/FSM_onehot_state_q_reg_n_0_[2].  Did not re-place instance APB_DEV/usb_host_controller/usb_host_inst/u_sie/FSM_onehot_state_q_reg[2]
INFO: [Physopt 32-663] Processed net APB_DEV/usb_host_controller/usb_host_inst/u_sie/FSM_onehot_state_q_reg_n_0_[5].  Re-placed instance APB_DEV/usb_host_controller/usb_host_inst/u_sie/FSM_onehot_state_q_reg[5]
INFO: [Physopt 32-663] Processed net APB_DEV/usb_host_controller/usb_host_inst/u_sie/FSM_onehot_state_q_reg_n_0_[3].  Re-placed instance APB_DEV/usb_host_controller/usb_host_inst/u_sie/FSM_onehot_state_q_reg[3]
INFO: [Physopt 32-663] Processed net APB_DEV/usb_host_controller/usb_host_inst/u_sie/utmi_data_o[7]_INST_0_i_2_n_0.  Re-placed instance APB_DEV/usb_host_controller/usb_host_inst/u_sie/utmi_data_o[7]_INST_0_i_2
INFO: [Physopt 32-662] Processed net APB_DEV/usb_host_controller/usb_host_inst/u_sie/utmi_data_o[7].  Did not re-place instance APB_DEV/usb_host_controller/usb_host_inst/u_sie/utmi_data_o[7]_INST_0
INFO: [Physopt 32-662] Processed net APB_DEV/usb_host_controller/usb_host_inst/u_sie/FSM_onehot_state_q_reg_n_0_[8].  Did not re-place instance APB_DEV/usb_host_controller/usb_host_inst/u_sie/FSM_onehot_state_q_reg[8]
INFO: [Physopt 32-663] Processed net APB_DEV/usb_host_controller/usb_host_inst/u_sie/utmi_data_o[5]_INST_0_i_3_n_0.  Re-placed instance APB_DEV/usb_host_controller/usb_host_inst/u_sie/utmi_data_o[5]_INST_0_i_3
INFO: [Physopt 32-662] Processed net APB_DEV/usb_host_controller/usb_host_inst/u_sie/utmi_data_o[3].  Did not re-place instance APB_DEV/usb_host_controller/usb_host_inst/u_sie/utmi_data_o[3]_INST_0
INFO: [Physopt 32-661] Optimized 9 nets.  Re-placed 9 instances.
INFO: [Physopt 32-775] End 1 Pass. Optimized 9 nets or cells. Created 0 new cell, deleted 0 existing cell and moved 9 existing cells
INFO: [Physopt 32-619] Estimated Timing Summary | WNS=-0.122 | TNS=-0.122 |
Netlist sorting complete. Time (s): cpu = 00:00:00.05 ; elapsed = 00:00:00.01 . Memory (MB): peak = 3395.770 ; gain = 0.000 ; free physical = 635077 ; free virtual = 1008994
Phase 15 Single Cell Placement Optimization | Checksum: 14fe5f4e6

Time (s): cpu = 00:00:45 ; elapsed = 00:00:19 . Memory (MB): peak = 3395.770 ; gain = 0.000 ; free physical = 635078 ; free virtual = 1008995

Phase 16 Multi Cell Placement Optimization
INFO: [Physopt 32-660] Identified 17 candidate nets for placement-based optimization.
INFO: [Physopt 32-662] Processed net APB_DEV/usb_host_controller/usb_host_inst/u_sie/state_q[1].  Did not re-place instance APB_DEV/usb_host_controller/usb_host_inst/u_sie/state_q_inferred_i_3/O
INFO: [Physopt 32-662] Processed net APB_DEV/usb_host_controller/usb_host_inst/u_sie/FSM_onehot_state_q_reg_n_0_[6]_repN.  Did not re-place instance APB_DEV/usb_host_controller/usb_host_inst/u_sie/FSM_onehot_state_q_reg[6]_replica/Q
INFO: [Physopt 32-662] Processed net APB_DEV/usb_host_controller/usb_host_inst/u_sie/FSM_onehot_state_q_reg_n_0_[7].  Did not re-place instance APB_DEV/usb_host_controller/usb_host_inst/u_sie/FSM_onehot_state_q_reg[7]/Q
INFO: [Physopt 32-662] Processed net APB_DEV/usb_host_controller/usb_host_inst/u_sie/FSM_onehot_state_q_reg_n_0_[11].  Did not re-place instance APB_DEV/usb_host_controller/usb_host_inst/u_sie/FSM_onehot_state_q_reg[11]/Q
INFO: [Physopt 32-661] Optimized 0 net.  Re-placed 0 instance.
INFO: [Physopt 32-775] End 1 Pass. Optimized 0 net or cell. Created 0 new cell, deleted 0 existing cell and moved 0 existing cell
Netlist sorting complete. Time (s): cpu = 00:00:00.01 ; elapsed = 00:00:00.01 . Memory (MB): peak = 3395.770 ; gain = 0.000 ; free physical = 635079 ; free virtual = 1008995
Phase 16 Multi Cell Placement Optimization | Checksum: 14fe5f4e6

Time (s): cpu = 00:00:48 ; elapsed = 00:00:20 . Memory (MB): peak = 3395.770 ; gain = 0.000 ; free physical = 635079 ; free virtual = 1008995

Phase 17 Rewire
INFO: [Physopt 32-246] Starting Signal Push optimization...
INFO: [Physopt 32-712] Optimization is not feasible on net state_q[1] due to MARK_DEBUG attribute.
INFO: [Physopt 32-712] Optimization is not feasible on net utmi_txvalid_o due to MARK_DEBUG attribute.
INFO: [Physopt 32-241] No nets found for rewiring () optimization.
INFO: [Physopt 32-232] Optimized 0 net. Created 0 new instance.
INFO: [Physopt 32-775] End 1 Pass. Optimized 0 net or cell. Created 0 new cell, deleted 0 existing cell and moved 0 existing cell
Netlist sorting complete. Time (s): cpu = 00:00:00.01 ; elapsed = 00:00:00.01 . Memory (MB): peak = 3395.770 ; gain = 0.000 ; free physical = 635078 ; free virtual = 1008995
Phase 17 Rewire | Checksum: 14fe5f4e6

Time (s): cpu = 00:00:48 ; elapsed = 00:00:20 . Memory (MB): peak = 3395.770 ; gain = 0.000 ; free physical = 635078 ; free virtual = 1008995

Phase 18 Critical Cell Optimization
INFO: [Physopt 32-712] Optimization is not feasible on net state_q[3] due to MARK_DEBUG attribute.
INFO: [Physopt 32-712] Optimization is not feasible on net state_q[2] due to MARK_DEBUG attribute.
INFO: [Physopt 32-712] Optimization is not feasible on net state_q[1] due to MARK_DEBUG attribute.
INFO: [Physopt 32-46] Identified 6 candidate nets for critical-cell optimization.
INFO: [Physopt 32-81] Processed net APB_DEV/usb_host_controller/usb_host_inst/u_sie/FSM_onehot_state_q_reg_n_0_[11]. Replicated 1 times.
INFO: [Physopt 32-571] Net APB_DEV/usb_host_controller/usb_host_inst/u_sie/FSM_onehot_state_q_reg_n_0_[4] was not replicated.
INFO: [Physopt 32-571] Net APB_DEV/usb_host_controller/usb_host_inst/u_sie/FSM_onehot_state_q_reg_n_0_[10] was not replicated.
INFO: [Physopt 32-571] Net APB_DEV/usb_host_controller/usb_host_inst/u_sie/FSM_onehot_state_q_reg_n_0_[13] was not replicated.
INFO: [Physopt 32-232] Optimized 1 net. Created 1 new instance.
INFO: [Physopt 32-775] End 1 Pass. Optimized 1 net or cell. Created 1 new cell, deleted 0 existing cell and moved 0 existing cell
INFO: [Physopt 32-619] Estimated Timing Summary | WNS=-0.122 | TNS=-0.122 |
Netlist sorting complete. Time (s): cpu = 00:00:00.02 ; elapsed = 00:00:00.02 . Memory (MB): peak = 3395.770 ; gain = 0.000 ; free physical = 635079 ; free virtual = 1008996
Phase 18 Critical Cell Optimization | Checksum: 11c9526f0

Time (s): cpu = 00:00:49 ; elapsed = 00:00:21 . Memory (MB): peak = 3395.770 ; gain = 0.000 ; free physical = 635079 ; free virtual = 1008996

Phase 19 DSP Register Optimization
INFO: [Physopt 32-456] No candidate cells for DSP register optimization found in the design.
INFO: [Physopt 32-775] End 1 Pass. Optimized 0 net or cell. Created 0 new cell, deleted 0 existing cell and moved 0 existing cell
Phase 19 DSP Register Optimization | Checksum: 11c9526f0

Time (s): cpu = 00:00:50 ; elapsed = 00:00:21 . Memory (MB): peak = 3395.770 ; gain = 0.000 ; free physical = 635079 ; free virtual = 1008996

Phase 20 BRAM Register Optimization
INFO: [Physopt 32-526] No candidate cells for BRAM register optimization found in the design
INFO: [Physopt 32-775] End 1 Pass. Optimized 0 net or cell. Created 0 new cell, deleted 0 existing cell and moved 0 existing cell
Phase 20 BRAM Register Optimization | Checksum: 11c9526f0

Time (s): cpu = 00:00:50 ; elapsed = 00:00:22 . Memory (MB): peak = 3395.770 ; gain = 0.000 ; free physical = 635079 ; free virtual = 1008996

Phase 21 URAM Register Optimization
INFO: [Physopt 32-846] No candidate cells for URAM register optimization found in the design
INFO: [Physopt 32-775] End 1 Pass. Optimized 0 net or cell. Created 0 new cell, deleted 0 existing cell and moved 0 existing cell
INFO: [Physopt 32-846] No candidate cells for URAM register optimization found in the design
INFO: [Physopt 32-775] End 1 Pass. Optimized 0 net or cell. Created 0 new cell, deleted 0 existing cell and moved 0 existing cell
Phase 21 URAM Register Optimization | Checksum: 11c9526f0

Time (s): cpu = 00:00:50 ; elapsed = 00:00:22 . Memory (MB): peak = 3395.770 ; gain = 0.000 ; free physical = 635079 ; free virtual = 1008996

Phase 22 Shift Register Optimization
INFO: [Physopt 32-1401] No candidate cells found for Shift Register optimization.
INFO: [Physopt 32-677] No candidate cells for Shift Register optimization found in the design
INFO: [Physopt 32-775] End 1 Pass. Optimized 0 net or cell. Created 0 new cell, deleted 0 existing cell and moved 0 existing cell
Phase 22 Shift Register Optimization | Checksum: 11c9526f0

Time (s): cpu = 00:00:51 ; elapsed = 00:00:23 . Memory (MB): peak = 3395.770 ; gain = 0.000 ; free physical = 635079 ; free virtual = 1008996

Phase 23 DSP Register Optimization
INFO: [Physopt 32-456] No candidate cells for DSP register optimization found in the design.
INFO: [Physopt 32-775] End 1 Pass. Optimized 0 net or cell. Created 0 new cell, deleted 0 existing cell and moved 0 existing cell
Phase 23 DSP Register Optimization | Checksum: 11c9526f0

Time (s): cpu = 00:00:51 ; elapsed = 00:00:23 . Memory (MB): peak = 3395.770 ; gain = 0.000 ; free physical = 635079 ; free virtual = 1008996

Phase 24 BRAM Register Optimization
INFO: [Physopt 32-526] No candidate cells for BRAM register optimization found in the design
INFO: [Physopt 32-775] End 1 Pass. Optimized 0 net or cell. Created 0 new cell, deleted 0 existing cell and moved 0 existing cell
Phase 24 BRAM Register Optimization | Checksum: 11c9526f0

Time (s): cpu = 00:00:52 ; elapsed = 00:00:23 . Memory (MB): peak = 3395.770 ; gain = 0.000 ; free physical = 635079 ; free virtual = 1008996

Phase 25 URAM Register Optimization
INFO: [Physopt 32-846] No candidate cells for URAM register optimization found in the design
INFO: [Physopt 32-775] End 1 Pass. Optimized 0 net or cell. Created 0 new cell, deleted 0 existing cell and moved 0 existing cell
INFO: [Physopt 32-846] No candidate cells for URAM register optimization found in the design
INFO: [Physopt 32-775] End 1 Pass. Optimized 0 net or cell. Created 0 new cell, deleted 0 existing cell and moved 0 existing cell
Phase 25 URAM Register Optimization | Checksum: 11c9526f0

Time (s): cpu = 00:00:52 ; elapsed = 00:00:24 . Memory (MB): peak = 3395.770 ; gain = 0.000 ; free physical = 635079 ; free virtual = 1008996

Phase 26 Shift Register Optimization
INFO: [Physopt 32-1401] No candidate cells found for Shift Register optimization.
INFO: [Physopt 32-677] No candidate cells for Shift Register optimization found in the design
INFO: [Physopt 32-775] End 1 Pass. Optimized 0 net or cell. Created 0 new cell, deleted 0 existing cell and moved 0 existing cell
Phase 26 Shift Register Optimization | Checksum: 11c9526f0

Time (s): cpu = 00:00:52 ; elapsed = 00:00:24 . Memory (MB): peak = 3395.770 ; gain = 0.000 ; free physical = 635080 ; free virtual = 1008996

Phase 27 Critical Pin Optimization
INFO: [Physopt 32-606] Identified 6 candidate nets for critical-pin optimization.
INFO: [Physopt 32-608] Optimized 2 nets.  Swapped 32 pins.
INFO: [Physopt 32-775] End 1 Pass. Optimized 2 nets or cells. Created 0 new cell, deleted 0 existing cell and moved 32 existing cells
INFO: [Physopt 32-619] Estimated Timing Summary | WNS=-0.122 | TNS=-0.122 |
Netlist sorting complete. Time (s): cpu = 00:00:00.01 ; elapsed = 00:00:00.02 . Memory (MB): peak = 3395.770 ; gain = 0.000 ; free physical = 635080 ; free virtual = 1008996
Phase 27 Critical Pin Optimization | Checksum: 18e7b19a6

Time (s): cpu = 00:00:53 ; elapsed = 00:00:25 . Memory (MB): peak = 3395.770 ; gain = 0.000 ; free physical = 635080 ; free virtual = 1008996

Phase 28 Very High Fanout Optimization
INFO: [Physopt 32-65] No nets found for high-fanout optimization.
INFO: [Physopt 32-232] Optimized 0 net. Created 0 new instance.
INFO: [Physopt 32-775] End 1 Pass. Optimized 0 net or cell. Created 0 new cell, deleted 0 existing cell and moved 0 existing cell
Phase 28 Very High Fanout Optimization | Checksum: 18e7b19a6

Time (s): cpu = 00:00:54 ; elapsed = 00:00:26 . Memory (MB): peak = 3395.770 ; gain = 0.000 ; free physical = 635080 ; free virtual = 1008996

Phase 29 Single Cell Placement Optimization
INFO: [Physopt 32-660] Identified 18 candidate nets for placement-based optimization.
INFO: [Physopt 32-662] Processed net APB_DEV/usb_host_controller/usb_host_inst/u_sie/state_q[1].  Did not re-place instance APB_DEV/usb_host_controller/usb_host_inst/u_sie/state_q_inferred_i_3
INFO: [Physopt 32-662] Processed net APB_DEV/usb_host_controller/usb_host_inst/u_sie/utmi_txvalid_o.  Did not re-place instance APB_DEV/usb_host_controller/usb_host_inst/u_sie/utmi_txvalid_o_inferred_i_1
INFO: [Physopt 32-662] Processed net APB_DEV/usb_host_controller/usb_host_inst/u_sie/FSM_onehot_state_q_reg_n_0_[6]_repN.  Did not re-place instance APB_DEV/usb_host_controller/usb_host_inst/u_sie/FSM_onehot_state_q_reg[6]_replica
INFO: [Physopt 32-662] Processed net APB_DEV/usb_host_controller/usb_host_inst/u_sie/FSM_onehot_state_q_reg_n_0_[7].  Did not re-place instance APB_DEV/usb_host_controller/usb_host_inst/u_sie/FSM_onehot_state_q_reg[7]
INFO: [Physopt 32-662] Processed net APB_DEV/usb_host_controller/usb_host_inst/u_sie/state_q_inferred_i_6_n_0.  Did not re-place instance APB_DEV/usb_host_controller/usb_host_inst/u_sie/state_q_inferred_i_6
INFO: [Physopt 32-662] Processed net APB_DEV/usb_host_controller/usb_host_inst/u_sie/FSM_onehot_state_q_reg_n_0_[1].  Did not re-place instance APB_DEV/usb_host_controller/usb_host_inst/u_sie/FSM_onehot_state_q_reg[1]
INFO: [Physopt 32-662] Processed net APB_DEV/usb_host_controller/usb_host_inst/u_sie/state_q[2].  Did not re-place instance APB_DEV/usb_host_controller/usb_host_inst/u_sie/state_q_inferred_i_2
INFO: [Physopt 32-663] Processed net APB_DEV/usb_host_controller/usb_host_inst/u_sie/FSM_onehot_state_q_reg_n_0_[5].  Re-placed instance APB_DEV/usb_host_controller/usb_host_inst/u_sie/FSM_onehot_state_q_reg[5]
INFO: [Physopt 32-662] Processed net APB_DEV/usb_host_controller/usb_host_inst/u_sie/FSM_onehot_state_q_reg_n_0_[11]_repN.  Did not re-place instance APB_DEV/usb_host_controller/usb_host_inst/u_sie/FSM_onehot_state_q_reg[11]_replica
INFO: [Physopt 32-662] Processed net APB_DEV/usb_host_controller/usb_host_inst/u_sie/FSM_onehot_state_q_reg_n_0_[10].  Did not re-place instance APB_DEV/usb_host_controller/usb_host_inst/u_sie/FSM_onehot_state_q_reg[10]
INFO: [Physopt 32-662] Processed net APB_DEV/usb_host_controller/usb_host_inst/u_sie/FSM_onehot_state_q_reg_n_0_[9].  Did not re-place instance APB_DEV/usb_host_controller/usb_host_inst/u_sie/FSM_onehot_state_q_reg[9]
INFO: [Physopt 32-662] Processed net APB_DEV/usb_host_controller/usb_host_inst/u_sie/FSM_onehot_state_q_reg_n_0_[2].  Did not re-place instance APB_DEV/usb_host_controller/usb_host_inst/u_sie/FSM_onehot_state_q_reg[2]
INFO: [Physopt 32-662] Processed net APB_DEV/usb_host_controller/usb_host_inst/u_sie/FSM_onehot_state_q_reg_n_0_[13].  Did not re-place instance APB_DEV/usb_host_controller/usb_host_inst/u_sie/FSM_onehot_state_q_reg[13]
INFO: [Physopt 32-662] Processed net APB_DEV/usb_host_controller/usb_host_inst/u_sie/state_q[3].  Did not re-place instance APB_DEV/usb_host_controller/usb_host_inst/u_sie/state_q_inferred_i_1
INFO: [Physopt 32-663] Processed net APB_DEV/usb_host_controller/usb_host_inst/u_sie/FSM_onehot_state_q_reg_n_0_[11].  Re-placed instance APB_DEV/usb_host_controller/usb_host_inst/u_sie/FSM_onehot_state_q_reg[11]
INFO: [Physopt 32-662] Processed net APB_DEV/usb_host_controller/usb_host_inst/u_sie/FSM_onehot_state_q_reg_n_0_[8].  Did not re-place instance APB_DEV/usb_host_controller/usb_host_inst/u_sie/FSM_onehot_state_q_reg[8]
INFO: [Physopt 32-662] Processed net APB_DEV/usb_host_controller/usb_host_inst/u_sie/FSM_onehot_state_q_reg_n_0_[3].  Did not re-place instance APB_DEV/usb_host_controller/usb_host_inst/u_sie/FSM_onehot_state_q_reg[3]
INFO: [Physopt 32-662] Processed net APB_DEV/usb_host_controller/usb_host_inst/u_sie/FSM_onehot_state_q_reg_n_0_[4].  Did not re-place instance APB_DEV/usb_host_controller/usb_host_inst/u_sie/FSM_onehot_state_q_reg[4]
INFO: [Physopt 32-661] Optimized 2 nets.  Re-placed 2 instances.
INFO: [Physopt 32-775] End 1 Pass. Optimized 2 nets or cells. Created 0 new cell, deleted 0 existing cell and moved 2 existing cells
INFO: [Physopt 32-619] Estimated Timing Summary | WNS=-0.122 | TNS=-0.122 |
Netlist sorting complete. Time (s): cpu = 00:00:00.03 ; elapsed = 00:00:00.01 . Memory (MB): peak = 3395.770 ; gain = 0.000 ; free physical = 635081 ; free virtual = 1008997
Phase 29 Single Cell Placement Optimization | Checksum: 1357c5bb9

Time (s): cpu = 00:00:58 ; elapsed = 00:00:27 . Memory (MB): peak = 3395.770 ; gain = 0.000 ; free physical = 635081 ; free virtual = 1008997

Phase 30 Multi Cell Placement Optimization
INFO: [Physopt 32-660] Identified 16 candidate nets for placement-based optimization.
INFO: [Physopt 32-662] Processed net APB_DEV/usb_host_controller/usb_host_inst/u_sie/state_q[1].  Did not re-place instance APB_DEV/usb_host_controller/usb_host_inst/u_sie/state_q_inferred_i_3/O
INFO: [Physopt 32-662] Processed net APB_DEV/usb_host_controller/usb_host_inst/u_sie/FSM_onehot_state_q_reg_n_0_[6]_repN.  Did not re-place instance APB_DEV/usb_host_controller/usb_host_inst/u_sie/FSM_onehot_state_q_reg[6]_replica/Q
INFO: [Physopt 32-662] Processed net APB_DEV/usb_host_controller/usb_host_inst/u_sie/FSM_onehot_state_q_reg_n_0_[7].  Did not re-place instance APB_DEV/usb_host_controller/usb_host_inst/u_sie/FSM_onehot_state_q_reg[7]/Q
INFO: [Physopt 32-661] Optimized 0 net.  Re-placed 0 instance.
INFO: [Physopt 32-775] End 1 Pass. Optimized 0 net or cell. Created 0 new cell, deleted 0 existing cell and moved 0 existing cell
Netlist sorting complete. Time (s): cpu = 00:00:00.01 ; elapsed = 00:00:00.01 . Memory (MB): peak = 3395.770 ; gain = 0.000 ; free physical = 635082 ; free virtual = 1008998
Phase 30 Multi Cell Placement Optimization | Checksum: 1357c5bb9

Time (s): cpu = 00:01:00 ; elapsed = 00:00:28 . Memory (MB): peak = 3395.770 ; gain = 0.000 ; free physical = 635082 ; free virtual = 1008999

Phase 31 SLR Crossing Optimization
Phase 31 SLR Crossing Optimization | Checksum: 1357c5bb9

Time (s): cpu = 00:01:01 ; elapsed = 00:00:28 . Memory (MB): peak = 3395.770 ; gain = 0.000 ; free physical = 635082 ; free virtual = 1008998

Phase 32 Critical Path Optimization
INFO: [Physopt 32-619] Estimated Timing Summary | WNS=-0.122 | TNS=-0.122 |
INFO: [Physopt 32-712] Optimization is not feasible on net utmi_txvalid_o due to MARK_DEBUG attribute.
INFO: [Physopt 32-712] Optimization is not feasible on net utmi_txvalid_o due to MARK_DEBUG attribute.
INFO: [Physopt 32-712] Optimization is not feasible on net utmi_txvalid_o due to MARK_DEBUG attribute.
INFO: [Physopt 32-712] Optimization is not feasible on net utmi_txvalid_o due to MARK_DEBUG attribute.
INFO: [Physopt 32-712] Optimization is not feasible on net utmi_txvalid_o due to MARK_DEBUG attribute.
INFO: [Physopt 32-702] Processed net APB_DEV/usb_host_controller/usb_host_inst/u_sie/utmi_txvalid_o. Optimizations did not improve timing on the net.
INFO: [Physopt 32-702] Processed net APB_DEV/usb_host_controller/usb_host_inst/u_sie/FSM_onehot_state_q_reg_n_0_[6]_repN. Optimizations did not improve timing on the net.
INFO: [Physopt 32-712] Optimization is not feasible on net state_q[1] due to MARK_DEBUG attribute.
INFO: [Physopt 32-712] Optimization is not feasible on net state_q[1] due to MARK_DEBUG attribute.
INFO: [Physopt 32-712] Optimization is not feasible on net state_q[1] due to MARK_DEBUG attribute.
INFO: [Physopt 32-712] Optimization is not feasible on net state_q[1] due to MARK_DEBUG attribute.
INFO: [Physopt 32-712] Optimization is not feasible on net state_q[1] due to MARK_DEBUG attribute.
INFO: [Physopt 32-712] Optimization is not feasible on net state_q[1] due to MARK_DEBUG attribute.
INFO: [Physopt 32-712] Optimization is not feasible on net state_q[1] due to MARK_DEBUG attribute.
INFO: [Physopt 32-712] Optimization is not feasible on net state_q[1] due to MARK_DEBUG attribute.
INFO: [Physopt 32-702] Processed net APB_DEV/usb_host_controller/usb_host_inst/u_sie/state_q[1]. Optimizations did not improve timing on the net.
INFO: [Physopt 32-702] Processed net UTMI_clk_IBUF. Optimizations did not improve timing on the net.
INFO: [Physopt 32-702] Processed net APB_DEV/usb_host_controller/usb_host_inst/u_sie/utmi_txvalid_o. Optimizations did not improve timing on the net.
INFO: [Physopt 32-702] Processed net APB_DEV/usb_host_controller/usb_host_inst/u_sie/FSM_onehot_state_q_reg_n_0_[6]_repN. Optimizations did not improve timing on the net.
INFO: [Physopt 32-702] Processed net APB_DEV/usb_host_controller/usb_host_inst/u_sie/state_q[1]. Optimizations did not improve timing on the net.
INFO: [Physopt 32-702] Processed net UTMI_clk_IBUF. Optimizations did not improve timing on the net.
INFO: [Physopt 32-619] Estimated Timing Summary | WNS=-0.122 | TNS=-0.122 |
Netlist sorting complete. Time (s): cpu = 00:00:00.01 ; elapsed = 00:00:00.02 . Memory (MB): peak = 3395.770 ; gain = 0.000 ; free physical = 635084 ; free virtual = 1009000
Phase 32 Critical Path Optimization | Checksum: 1357c5bb9

Time (s): cpu = 00:01:09 ; elapsed = 00:00:31 . Memory (MB): peak = 3395.770 ; gain = 0.000 ; free physical = 635084 ; free virtual = 1009000

Phase 33 BRAM Enable Optimization
Phase 33 BRAM Enable Optimization | Checksum: 1357c5bb9

Time (s): cpu = 00:01:09 ; elapsed = 00:00:31 . Memory (MB): peak = 3395.770 ; gain = 0.000 ; free physical = 635084 ; free virtual = 1009000
INFO: [Physopt 32-960] Skip hold-fix as initial WHS does not violate hold threshold 250 ps
Netlist sorting complete. Time (s): cpu = 00:00:00.01 ; elapsed = 00:00:00.01 . Memory (MB): peak = 3395.770 ; gain = 0.000 ; free physical = 635084 ; free virtual = 1009000
INFO: [Physopt 32-603] Post Physical Optimization Timing Summary | WNS=-0.122 | TNS=-0.122 |

Summary of Physical Synthesis Optimizations
============================================


----------------------------------------------------------------------------------------------------------------------------------------------------------------------
|  Optimization            |  WNS Gain (ns)  |  TNS Gain (ns)  |  Added Cells  |  Removed Cells  |  Optimized Cells/Nets  |  Dont Touch  |  Iterations  |  Elapsed   |
----------------------------------------------------------------------------------------------------------------------------------------------------------------------
|  Fanout                  |          0.000  |          0.000  |            0  |              0  |                     0  |           9  |           3  |  00:00:01  |
|  Single Cell Placement   |          0.060  |          0.120  |            0  |              0  |                    16  |           0  |           4  |  00:00:05  |
|  Multi Cell Placement    |          0.000  |          0.000  |            0  |              0  |                     2  |           0  |           4  |  00:00:04  |
|  Rewire                  |          0.000  |          0.000  |            0  |              0  |                     0  |           7  |           3  |  00:00:00  |
|  Critical Cell           |          0.039  |          0.078  |            2  |              0  |                     2  |          16  |           3  |  00:00:01  |
|  SLR Crossing            |          0.000  |          0.000  |            0  |              0  |                     0  |           0  |           3  |  00:00:00  |
|  DSP Register            |          0.000  |          0.000  |            0  |              0  |                     0  |           0  |           2  |  00:00:00  |
|  BRAM Register           |          0.000  |          0.000  |            0  |              0  |                     0  |           0  |           2  |  00:00:00  |
|  URAM Register           |          0.000  |          0.000  |            0  |              0  |                     0  |           0  |           2  |  00:00:00  |
|  Shift Register          |          0.000  |          0.000  |            0  |              0  |                     0  |           0  |           2  |  00:00:00  |
|  Critical Pin            |          0.000  |          0.000  |            0  |              0  |                     2  |           0  |           1  |  00:00:00  |
|  Very High Fanout        |          0.000  |          0.000  |            0  |              0  |                     0  |           0  |           1  |  00:00:00  |
|  BRAM Enable             |          0.000  |          0.000  |            0  |              0  |                     0  |           0  |           1  |  00:00:00  |
|  Critical Path           |          0.000  |          0.000  |            0  |              0  |                     0  |           0  |           1  |  00:00:02  |
|  Total                   |          0.099  |          0.198  |            2  |              0  |                    22  |          32  |          32  |  00:00:14  |
----------------------------------------------------------------------------------------------------------------------------------------------------------------------


Netlist sorting complete. Time (s): cpu = 00:00:00.01 ; elapsed = 00:00:00.01 . Memory (MB): peak = 3395.770 ; gain = 0.000 ; free physical = 635084 ; free virtual = 1009001
Ending Physical Synthesis Task | Checksum: 1f0868771

Time (s): cpu = 00:01:10 ; elapsed = 00:00:32 . Memory (MB): peak = 3395.770 ; gain = 0.000 ; free physical = 635084 ; free virtual = 1009001
INFO: [Common 17-83] Releasing license: Implementation
363 Infos, 112 Warnings, 0 Critical Warnings and 0 Errors encountered.
phys_opt_design completed successfully
phys_opt_design: Time (s): cpu = 00:01:32 ; elapsed = 00:00:38 . Memory (MB): peak = 3395.770 ; gain = 0.000 ; free physical = 635084 ; free virtual = 1009001
INFO: [Timing 38-480] Writing timing data to binary archive.
Write ShapeDB Complete: Time (s): cpu = 00:00:00.57 ; elapsed = 00:00:00.12 . Memory (MB): peak = 3395.770 ; gain = 0.000 ; free physical = 635071 ; free virtual = 1008996
Wrote PlaceDB: Time (s): cpu = 00:00:08 ; elapsed = 00:00:03 . Memory (MB): peak = 3395.770 ; gain = 0.000 ; free physical = 635006 ; free virtual = 1008992
Wrote PulsedLatchDB: Time (s): cpu = 00:00:00 ; elapsed = 00:00:00 . Memory (MB): peak = 3395.770 ; gain = 0.000 ; free physical = 635006 ; free virtual = 1008993
Writing XDEF routing.
Writing XDEF routing logical nets.
Writing XDEF routing special nets.
Wrote RouteStorage: Time (s): cpu = 00:00:00.07 ; elapsed = 00:00:00.07 . Memory (MB): peak = 3395.770 ; gain = 0.000 ; free physical = 635005 ; free virtual = 1008992
Wrote Netlist Cache: Time (s): cpu = 00:00:00.08 ; elapsed = 00:00:00.09 . Memory (MB): peak = 3395.770 ; gain = 0.000 ; free physical = 635000 ; free virtual = 1008993
Wrote Device Cache: Time (s): cpu = 00:00:00.01 ; elapsed = 00:00:00.01 . Memory (MB): peak = 3395.770 ; gain = 0.000 ; free physical = 635000 ; free virtual = 1008993
Write Physdb Complete: Time (s): cpu = 00:00:08 ; elapsed = 00:00:03 . Memory (MB): peak = 3395.770 ; gain = 0.000 ; free physical = 635000 ; free virtual = 1008993
INFO: [Common 17-1381] The checkpoint '/home/geekpie/work/chiplab-usb-20260722/fpga/loongson/2023.2/system_run.runs/impl_1/soc_top_physopt.dcp' has been generated.
write_checkpoint: Time (s): cpu = 00:00:14 ; elapsed = 00:00:07 . Memory (MB): peak = 3395.770 ; gain = 0.000 ; free physical = 635057 ; free virtual = 1008993
Command: route_design -directive Explore
Attempting to get a license for feature 'Implementation' and/or device 'xc7a200t'
INFO: [Common 17-349] Got license for feature 'Implementation' and/or device 'xc7a200t'
INFO: [DRC 23-27] Running DRC with 8 threads
INFO: [Vivado_Tcl 4-198] DRC finished with 0 Errors
INFO: [Vivado_Tcl 4-199] Please refer to the DRC report (report_drc) for more information.
Running DRC as a precondition to command route_design
INFO: [DRC 23-27] Running DRC with 8 threads
INFO: [Vivado_Tcl 4-198] DRC finished with 0 Errors
INFO: [Vivado_Tcl 4-199] Please refer to the DRC report (report_drc) for more information.


Starting Routing Task
INFO: [Route 35-270] Using Router directive 'Explore'.
INFO: [Route 35-254] Multithreading enabled for route_design using a maximum of 8 CPUs

Phase 1 Build RT Design
Checksum: PlaceDB: 4f780a5f ConstDB: 0 ShapeSum: d7a03bd0 RouteDB: 0
Post Restoration Checksum: NetGraph: 956d4d91 | NumContArr: ba8644f8 | Constraints: c2a8fa9d | Timing: c2a8fa9d
Phase 1 Build RT Design | Checksum: 2d54587c3

Time (s): cpu = 00:01:17 ; elapsed = 00:00:54 . Memory (MB): peak = 3517.328 ; gain = 113.555 ; free physical = 634915 ; free virtual = 1008851

Phase 2 Router Initialization

Phase 2.1 Fix Topology Constraints
Phase 2.1 Fix Topology Constraints | Checksum: 2d54587c3

Time (s): cpu = 00:01:17 ; elapsed = 00:00:55 . Memory (MB): peak = 3518.328 ; gain = 114.555 ; free physical = 634914 ; free virtual = 1008850

Phase 2.2 Pre Route Cleanup
Phase 2.2 Pre Route Cleanup | Checksum: 2d54587c3

Time (s): cpu = 00:01:18 ; elapsed = 00:00:55 . Memory (MB): peak = 3518.328 ; gain = 114.555 ; free physical = 634914 ; free virtual = 1008850
 Number of Nodes with overlaps = 0

Phase 2.3 Update Timing
Phase 2.3 Update Timing | Checksum: 1ab7fb8bf

Time (s): cpu = 00:01:58 ; elapsed = 00:01:09 . Memory (MB): peak = 3584.086 ; gain = 180.312 ; free physical = 634854 ; free virtual = 1008790
INFO: [Route 35-416] Intermediate Timing Summary | WNS=-0.019 | TNS=-0.019 | WHS=-2.612 | THS=-1561.489|


Phase 2.4 Update Timing for Bus Skew

Phase 2.4.1 Update Timing
Phase 2.4.1 Update Timing | Checksum: 1ab49b693

Time (s): cpu = 00:02:30 ; elapsed = 00:01:18 . Memory (MB): peak = 3584.086 ; gain = 180.312 ; free physical = 634853 ; free virtual = 1008789
INFO: [Route 35-416] Intermediate Timing Summary | WNS=-0.019 | TNS=-0.018 | WHS=N/A    | THS=N/A    |

Phase 2.4 Update Timing for Bus Skew | Checksum: 253bb7e1e

Time (s): cpu = 00:02:31 ; elapsed = 00:01:19 . Memory (MB): peak = 3600.086 ; gain = 196.312 ; free physical = 634853 ; free virtual = 1008789

Router Utilization Summary
  Global Vertical Routing Utilization    = 0 %
  Global Horizontal Routing Utilization  = 0 %
  Routable Net Status*
  *Does not include unroutable nets such as driverless and loadless.
  Run report_route_status for detailed report.
  Number of Failed Nets               = 51247
    (Failed Nets is the sum of unrouted and partially routed nets)
  Number of Unrouted Nets             = 51246
  Number of Partially Routed Nets     = 1
  Number of Node Overlaps             = 0

Phase 2 Router Initialization | Checksum: 1b0aa558e

Time (s): cpu = 00:02:33 ; elapsed = 00:01:19 . Memory (MB): peak = 3625.953 ; gain = 222.180 ; free physical = 634814 ; free virtual = 1008751

Phase 3 Initial Routing

Phase 3.1 Global Routing
Phase 3.1 Global Routing | Checksum: 1b0aa558e

Time (s): cpu = 00:02:33 ; elapsed = 00:01:19 . Memory (MB): peak = 3625.953 ; gain = 222.180 ; free physical = 634814 ; free virtual = 1008751

Phase 3.2 Initial Net Routing
Phase 3.2 Initial Net Routing | Checksum: 34393af6e

Time (s): cpu = 00:02:59 ; elapsed = 00:01:27 . Memory (MB): peak = 3625.953 ; gain = 222.180 ; free physical = 634817 ; free virtual = 1008753
Phase 3 Initial Routing | Checksum: 34393af6e

Time (s): cpu = 00:03:00 ; elapsed = 00:01:27 . Memory (MB): peak = 3625.953 ; gain = 222.180 ; free physical = 634817 ; free virtual = 1008753

Phase 4 Rip-up And Reroute

Phase 4.1 Global Iteration 0
 Number of Nodes with overlaps = 9979
 Number of Nodes with overlaps = 2300
 Number of Nodes with overlaps = 899
 Number of Nodes with overlaps = 379
 Number of Nodes with overlaps = 145
 Number of Nodes with overlaps = 49
 Number of Nodes with overlaps = 19
 Number of Nodes with overlaps = 13
 Number of Nodes with overlaps = 4
 Number of Nodes with overlaps = 3
 Number of Nodes with overlaps = 2
 Number of Nodes with overlaps = 0
INFO: [Route 35-416] Intermediate Timing Summary | WNS=-0.261 | TNS=-0.584 | WHS=N/A    | THS=N/A    |

Phase 4.1 Global Iteration 0 | Checksum: 1d523bbb6

Time (s): cpu = 00:05:24 ; elapsed = 00:02:40 . Memory (MB): peak = 3625.953 ; gain = 222.180 ; free physical = 634836 ; free virtual = 1008772

Phase 4.2 Global Iteration 1
 Number of Nodes with overlaps = 2026
 Number of Nodes with overlaps = 789
 Number of Nodes with overlaps = 235
 Number of Nodes with overlaps = 85
 Number of Nodes with overlaps = 31
 Number of Nodes with overlaps = 25
 Number of Nodes with overlaps = 8
 Number of Nodes with overlaps = 4
 Number of Nodes with overlaps = 0
INFO: [Route 35-416] Intermediate Timing Summary | WNS=-0.290 | TNS=-0.674 | WHS=N/A    | THS=N/A    |

Phase 4.2 Global Iteration 1 | Checksum: 239bca931

Time (s): cpu = 00:06:32 ; elapsed = 00:03:09 . Memory (MB): peak = 3625.953 ; gain = 222.180 ; free physical = 634828 ; free virtual = 1008764
Phase 4 Rip-up And Reroute | Checksum: 239bca931

Time (s): cpu = 00:06:32 ; elapsed = 00:03:09 . Memory (MB): peak = 3625.953 ; gain = 222.180 ; free physical = 634828 ; free virtual = 1008764

Phase 5 Delay and Skew Optimization

Phase 5.1 Delay CleanUp

Phase 5.1.1 Update Timing
Phase 5.1.1 Update Timing | Checksum: 22b6fad29

Time (s): cpu = 00:06:44 ; elapsed = 00:03:13 . Memory (MB): peak = 3625.953 ; gain = 222.180 ; free physical = 634827 ; free virtual = 1008763
INFO: [Route 35-416] Intermediate Timing Summary | WNS=-0.261 | TNS=-0.465 | WHS=N/A    | THS=N/A    |

 Number of Nodes with overlaps = 0
Phase 5.1 Delay CleanUp | Checksum: 21b907754

Time (s): cpu = 00:06:46 ; elapsed = 00:03:13 . Memory (MB): peak = 3625.953 ; gain = 222.180 ; free physical = 634828 ; free virtual = 1008764

Phase 5.2 Clock Skew Optimization
Phase 5.2 Clock Skew Optimization | Checksum: 21b907754

Time (s): cpu = 00:06:47 ; elapsed = 00:03:14 . Memory (MB): peak = 3625.953 ; gain = 222.180 ; free physical = 634828 ; free virtual = 1008764
Phase 5 Delay and Skew Optimization | Checksum: 21b907754

Time (s): cpu = 00:06:47 ; elapsed = 00:03:14 . Memory (MB): peak = 3625.953 ; gain = 222.180 ; free physical = 634828 ; free virtual = 1008764

Phase 6 Post Hold Fix

Phase 6.1 Hold Fix Iter

Phase 6.1.1 Update Timing
Phase 6.1.1 Update Timing | Checksum: 2838df0fc

Time (s): cpu = 00:06:59 ; elapsed = 00:03:18 . Memory (MB): peak = 3625.953 ; gain = 222.180 ; free physical = 634824 ; free virtual = 1008760
INFO: [Route 35-416] Intermediate Timing Summary | WNS=-0.261 | TNS=-0.465 | WHS=-2.137 | THS=-22.365|

Phase 6.1 Hold Fix Iter | Checksum: 1f869c2ae

Time (s): cpu = 00:07:00 ; elapsed = 00:03:18 . Memory (MB): peak = 3625.953 ; gain = 222.180 ; free physical = 634823 ; free virtual = 1008759

Phase 6.2 Non Free Resource Hold Fix Iter
Phase 6.2 Non Free Resource Hold Fix Iter | Checksum: 205e748d9

Time (s): cpu = 00:07:01 ; elapsed = 00:03:18 . Memory (MB): peak = 3625.953 ; gain = 222.180 ; free physical = 634822 ; free virtual = 1008759
Phase 6 Post Hold Fix | Checksum: 205e748d9

Time (s): cpu = 00:07:01 ; elapsed = 00:03:18 . Memory (MB): peak = 3625.953 ; gain = 222.180 ; free physical = 634822 ; free virtual = 1008759

Phase 7 Timing Verification

Phase 7.1 Update Timing
Phase 7.1 Update Timing | Checksum: 1fcf13337

Time (s): cpu = 00:07:15 ; elapsed = 00:03:22 . Memory (MB): peak = 3625.953 ; gain = 222.180 ; free physical = 634819 ; free virtual = 1008756
INFO: [Route 35-416] Intermediate Timing Summary | WNS=-0.261 | TNS=-0.465 | WHS=N/A    | THS=N/A    |

Phase 7 Timing Verification | Checksum: 1fcf13337

Time (s): cpu = 00:07:15 ; elapsed = 00:03:22 . Memory (MB): peak = 3625.953 ; gain = 222.180 ; free physical = 634819 ; free virtual = 1008756

Phase 8 Route finalize

Router Utilization Summary
  Global Vertical Routing Utilization    = 6.28331 %
  Global Horizontal Routing Utilization  = 7.88186 %
  Routable Net Status*
  *Does not include unroutable nets such as driverless and loadless.
  Run report_route_status for detailed report.
  Number of Failed Nets               = 0
    (Failed Nets is the sum of unrouted and partially routed nets)
  Number of Unrouted Nets             = 0
  Number of Partially Routed Nets     = 0
  Number of Node Overlaps             = 0


--GLOBAL Congestion:
Utilization threshold used for congestion level computation: 0.85
Congestion Report
North Dir 1x1 Area, Max Cong = 81.982%, No Congested Regions.
South Dir 1x1 Area, Max Cong = 85.5856%, Congestion bounded by tiles (Lower Left Tile -> Upper Right Tile):
   INT_L_X44Y98 -> INT_L_X44Y98
East Dir 1x1 Area, Max Cong = 92.6471%, Congestion bounded by tiles (Lower Left Tile -> Upper Right Tile):
   INT_L_X44Y104 -> INT_L_X44Y104
West Dir 1x1 Area, Max Cong = 91.1765%, Congestion bounded by tiles (Lower Left Tile -> Upper Right Tile):
   INT_L_X14Y78 -> INT_L_X14Y78
   INT_L_X18Y72 -> INT_L_X18Y72

------------------------------
Reporting congestion hotspots
------------------------------
Direction: North
----------------
Congested clusters found at Level 0
Effective congestion level: 0 Aspect Ratio: 1 Sparse Ratio: 0
Direction: South
----------------
Congested clusters found at Level 0
Effective congestion level: 0 Aspect Ratio: 1 Sparse Ratio: 1
Direction: East
----------------
Congested clusters found at Level 0
Effective congestion level: 0 Aspect Ratio: 1 Sparse Ratio: 1
Direction: West
----------------
Congested clusters found at Level 0
Effective congestion level: 0 Aspect Ratio: 1 Sparse Ratio: 1

Phase 8 Route finalize | Checksum: 1fcf13337

Time (s): cpu = 00:07:16 ; elapsed = 00:03:22 . Memory (MB): peak = 3625.953 ; gain = 222.180 ; free physical = 634819 ; free virtual = 1008755

Phase 9 Verifying routed nets

 Verification completed successfully
Phase 9 Verifying routed nets | Checksum: 1fcf13337

Time (s): cpu = 00:07:16 ; elapsed = 00:03:22 . Memory (MB): peak = 3625.953 ; gain = 222.180 ; free physical = 634819 ; free virtual = 1008755

Phase 10 Depositing Routes
Phase 10 Depositing Routes | Checksum: 1fdaa5235

Time (s): cpu = 00:07:22 ; elapsed = 00:03:26 . Memory (MB): peak = 3625.953 ; gain = 222.180 ; free physical = 634817 ; free virtual = 1008753

Phase 11 Incr Placement Change
Netlist sorting complete. Time (s): cpu = 00:00:00.01 ; elapsed = 00:00:00.02 . Memory (MB): peak = 3625.953 ; gain = 0.000 ; free physical = 634817 ; free virtual = 1008753
INFO: [Place 30-746] Post Placement Timing Summary WNS=-0.224. For the most accurate timing information please run report_timing.
Ending IncrPlace Task | Checksum: c5db3c09

Time (s): cpu = 00:01:08 ; elapsed = 00:00:34 . Memory (MB): peak = 3638.352 ; gain = 12.398 ; free physical = 634797 ; free virtual = 1008734
Phase 11 Incr Placement Change | Checksum: c5db3c09

Time (s): cpu = 00:08:32 ; elapsed = 00:04:02 . Memory (MB): peak = 3638.352 ; gain = 234.578 ; free physical = 634798 ; free virtual = 1008735

Phase 12 Build RT Design
Checksum: PlaceDB: 2e6ec825 ConstDB: 0 ShapeSum: 1ec46885 RouteDB: 78a80b5f
Post Restoration Checksum: NetGraph: ef8ab435 | NumContArr: a1f39227 | Constraints: c2a8fa9d | Timing: c2a8fa9d
Phase 12 Build RT Design | Checksum: 316d03b96

Time (s): cpu = 00:08:55 ; elapsed = 00:04:11 . Memory (MB): peak = 3638.352 ; gain = 234.578 ; free physical = 634772 ; free virtual = 1008709

Phase 13 Router Initialization

Phase 13.1 Fix Topology Constraints
Phase 13.1 Fix Topology Constraints | Checksum: 316d03b96

Time (s): cpu = 00:08:56 ; elapsed = 00:04:11 . Memory (MB): peak = 3638.352 ; gain = 234.578 ; free physical = 634772 ; free virtual = 1008708

Phase 13.2 Pre Route Cleanup
Phase 13.2 Pre Route Cleanup | Checksum: 24e8aed52

Time (s): cpu = 00:08:57 ; elapsed = 00:04:11 . Memory (MB): peak = 3638.352 ; gain = 234.578 ; free physical = 634772 ; free virtual = 1008708
 Number of Nodes with overlaps = 0

Phase 13.3 Update Timing
Phase 13.3 Update Timing | Checksum: 292e2021f

Time (s): cpu = 00:09:41 ; elapsed = 00:04:26 . Memory (MB): peak = 3683.160 ; gain = 279.387 ; free physical = 634708 ; free virtual = 1008645
INFO: [Route 35-416] Intermediate Timing Summary | WNS=-0.124 | TNS=-0.124 | WHS=-2.612 | THS=-1557.358|


Phase 13.4 Update Timing for Bus Skew

Phase 13.4.1 Update Timing
Phase 13.4.1 Update Timing | Checksum: 24aa343ed

Time (s): cpu = 00:10:15 ; elapsed = 00:04:35 . Memory (MB): peak = 3691.160 ; gain = 287.387 ; free physical = 634714 ; free virtual = 1008651
INFO: [Route 35-416] Intermediate Timing Summary | WNS=-0.124 | TNS=-0.123 | WHS=N/A    | THS=N/A    |

Phase 13.4 Update Timing for Bus Skew | Checksum: 2db6d8583

Time (s): cpu = 00:10:15 ; elapsed = 00:04:36 . Memory (MB): peak = 3707.160 ; gain = 303.387 ; free physical = 634716 ; free virtual = 1008652

Router Utilization Summary
  Global Vertical Routing Utilization    = 6.27059 %
  Global Horizontal Routing Utilization  = 7.87217 %
  Routable Net Status*
  *Does not include unroutable nets such as driverless and loadless.
  Run report_route_status for detailed report.
  Number of Failed Nets               = 227
    (Failed Nets is the sum of unrouted and partially routed nets)
  Number of Unrouted Nets             = 60
  Number of Partially Routed Nets     = 167
  Number of Node Overlaps             = 0

Phase 13 Router Initialization | Checksum: 20ea8be4b

Time (s): cpu = 00:10:17 ; elapsed = 00:04:36 . Memory (MB): peak = 3736.723 ; gain = 332.949 ; free physical = 634668 ; free virtual = 1008604

Phase 14 Initial Routing

Phase 14.1 Global Routing
Phase 14.1 Global Routing | Checksum: 20ea8be4b

Time (s): cpu = 00:10:18 ; elapsed = 00:04:36 . Memory (MB): peak = 3736.723 ; gain = 332.949 ; free physical = 634668 ; free virtual = 1008604

Phase 14.2 Initial Net Routing
Phase 14.2 Initial Net Routing | Checksum: 2c87a8450

Time (s): cpu = 00:10:19 ; elapsed = 00:04:37 . Memory (MB): peak = 3736.723 ; gain = 332.949 ; free physical = 634663 ; free virtual = 1008600
Phase 14 Initial Routing | Checksum: 2c87a8450

Time (s): cpu = 00:10:20 ; elapsed = 00:04:37 . Memory (MB): peak = 3736.723 ; gain = 332.949 ; free physical = 634663 ; free virtual = 1008600

Phase 15 Rip-up And Reroute

Phase 15.1 Global Iteration 0
 Number of Nodes with overlaps = 2102
 Number of Nodes with overlaps = 1111
 Number of Nodes with overlaps = 616
 Number of Nodes with overlaps = 395
 Number of Nodes with overlaps = 172
 Number of Nodes with overlaps = 93
 Number of Nodes with overlaps = 64
 Number of Nodes with overlaps = 16
 Number of Nodes with overlaps = 11
 Number of Nodes with overlaps = 3
 Number of Nodes with overlaps = 0
INFO: [Route 35-416] Intermediate Timing Summary | WNS=-0.576 | TNS=-2.472 | WHS=N/A    | THS=N/A    |

Phase 15.1 Global Iteration 0 | Checksum: 34da5b73b

Time (s): cpu = 00:11:48 ; elapsed = 00:05:14 . Memory (MB): peak = 3736.723 ; gain = 332.949 ; free physical = 634669 ; free virtual = 1008605

Phase 15.2 Global Iteration 1
 Number of Nodes with overlaps = 1992
 Number of Nodes with overlaps = 734
 Number of Nodes with overlaps = 296
 Number of Nodes with overlaps = 167
 Number of Nodes with overlaps = 90
 Number of Nodes with overlaps = 66
 Number of Nodes with overlaps = 19
 Number of Nodes with overlaps = 13
 Number of Nodes with overlaps = 5
 Number of Nodes with overlaps = 0
INFO: [Route 35-416] Intermediate Timing Summary | WNS=0.012  | TNS=0.000  | WHS=N/A    | THS=N/A    |

Phase 15.2 Global Iteration 1 | Checksum: 271b30db2

Time (s): cpu = 00:13:07 ; elapsed = 00:05:52 . Memory (MB): peak = 3736.723 ; gain = 332.949 ; free physical = 634669 ; free virtual = 1008605
Phase 15 Rip-up And Reroute | Checksum: 271b30db2

Time (s): cpu = 00:13:07 ; elapsed = 00:05:52 . Memory (MB): peak = 3736.723 ; gain = 332.949 ; free physical = 634669 ; free virtual = 1008605

Phase 16 Delay and Skew Optimization

Phase 16.1 Delay CleanUp
Phase 16.1 Delay CleanUp | Checksum: 271b30db2

Time (s): cpu = 00:13:07 ; elapsed = 00:05:52 . Memory (MB): peak = 3736.723 ; gain = 332.949 ; free physical = 634669 ; free virtual = 1008605

Phase 16.2 Clock Skew Optimization
Phase 16.2 Clock Skew Optimization | Checksum: 271b30db2

Time (s): cpu = 00:13:08 ; elapsed = 00:05:52 . Memory (MB): peak = 3736.723 ; gain = 332.949 ; free physical = 634669 ; free virtual = 1008605
Phase 16 Delay and Skew Optimization | Checksum: 271b30db2

Time (s): cpu = 00:13:08 ; elapsed = 00:05:52 . Memory (MB): peak = 3736.723 ; gain = 332.949 ; free physical = 634669 ; free virtual = 1008605

Phase 17 Post Hold Fix

Phase 17.1 Hold Fix Iter

Phase 17.1.1 Update Timing
Phase 17.1.1 Update Timing | Checksum: 24013c155

Time (s): cpu = 00:13:20 ; elapsed = 00:05:56 . Memory (MB): peak = 3736.723 ; gain = 332.949 ; free physical = 634659 ; free virtual = 1008596
INFO: [Route 35-416] Intermediate Timing Summary | WNS=0.012  | TNS=0.000  | WHS=0.050  | THS=0.000  |

Phase 17.1 Hold Fix Iter | Checksum: 2a4c03d8b

Time (s): cpu = 00:13:20 ; elapsed = 00:05:56 . Memory (MB): peak = 3736.723 ; gain = 332.949 ; free physical = 634659 ; free virtual = 1008596
Phase 17 Post Hold Fix | Checksum: 2a4c03d8b

Time (s): cpu = 00:13:21 ; elapsed = 00:05:56 . Memory (MB): peak = 3736.723 ; gain = 332.949 ; free physical = 634659 ; free virtual = 1008596

Phase 18 Timing Verification

Phase 18.1 Update Timing
Phase 18.1 Update Timing | Checksum: 237ad7332

Time (s): cpu = 00:13:35 ; elapsed = 00:06:00 . Memory (MB): peak = 3736.723 ; gain = 332.949 ; free physical = 634657 ; free virtual = 1008594
INFO: [Route 35-416] Intermediate Timing Summary | WNS=0.012  | TNS=0.000  | WHS=N/A    | THS=N/A    |

Phase 18 Timing Verification | Checksum: 237ad7332

Time (s): cpu = 00:13:35 ; elapsed = 00:06:00 . Memory (MB): peak = 3736.723 ; gain = 332.949 ; free physical = 634657 ; free virtual = 1008594

Phase 19 Route finalize

Router Utilization Summary
  Global Vertical Routing Utilization    = 6.35951 %
  Global Horizontal Routing Utilization  = 7.96481 %
  Routable Net Status*
  *Does not include unroutable nets such as driverless and loadless.
  Run report_route_status for detailed report.
  Number of Failed Nets               = 0
    (Failed Nets is the sum of unrouted and partially routed nets)
  Number of Unrouted Nets             = 0
  Number of Partially Routed Nets     = 0
  Number of Node Overlaps             = 0

Phase 19 Route finalize | Checksum: 237ad7332

Time (s): cpu = 00:13:36 ; elapsed = 00:06:00 . Memory (MB): peak = 3736.723 ; gain = 332.949 ; free physical = 634657 ; free virtual = 1008593

Phase 20 Verifying routed nets

 Verification completed successfully
Phase 20 Verifying routed nets | Checksum: 237ad7332

Time (s): cpu = 00:13:36 ; elapsed = 00:06:00 . Memory (MB): peak = 3736.723 ; gain = 332.949 ; free physical = 634656 ; free virtual = 1008593

Phase 21 Depositing Routes
Phase 21 Depositing Routes | Checksum: 1845a3f96

Time (s): cpu = 00:13:42 ; elapsed = 00:06:04 . Memory (MB): peak = 3736.723 ; gain = 332.949 ; free physical = 634656 ; free virtual = 1008592

Phase 22 Post Router Timing
INFO: [Route 35-20] Post Routing Timing Summary | WNS=0.011  | TNS=0.000  | WHS=0.050  | THS=0.000  |

Phase 22 Post Router Timing | Checksum: 1ffb75553

Time (s): cpu = 00:14:09 ; elapsed = 00:06:10 . Memory (MB): peak = 3736.723 ; gain = 332.949 ; free physical = 634642 ; free virtual = 1008579
INFO: [Route 35-61] The design met the timing requirement.
INFO: [Route 35-16] Router Completed Successfully

Phase 23 Post-Route Event Processing
Phase 23 Post-Route Event Processing | Checksum: 1b29a29f8

Time (s): cpu = 00:14:11 ; elapsed = 00:06:12 . Memory (MB): peak = 3736.723 ; gain = 332.949 ; free physical = 634643 ; free virtual = 1008579
Ending Routing Task | Checksum: 1b29a29f8

Time (s): cpu = 00:14:13 ; elapsed = 00:06:14 . Memory (MB): peak = 3736.723 ; gain = 332.949 ; free physical = 634643 ; free virtual = 1008579

Routing Is Done.
INFO: [Common 17-83] Releasing license: Implementation
392 Infos, 112 Warnings, 0 Critical Warnings and 0 Errors encountered.
route_design completed successfully
route_design: Time (s): cpu = 00:14:20 ; elapsed = 00:06:17 . Memory (MB): peak = 3736.723 ; gain = 340.953 ; free physical = 634643 ; free virtual = 1008579
INFO: [runtcl-4] Executing : report_drc -file soc_top_drc_routed.rpt -pb soc_top_drc_routed.pb -rpx soc_top_drc_routed.rpx
Command: report_drc -file soc_top_drc_routed.rpt -pb soc_top_drc_routed.pb -rpx soc_top_drc_routed.rpx
INFO: [IP_Flow 19-1839] IP Catalog is up to date.
INFO: [DRC 23-27] Running DRC with 8 threads
INFO: [Vivado_Tcl 2-168] The results of DRC are in file /home/geekpie/work/chiplab-usb-20260722/fpga/loongson/2023.2/system_run.runs/impl_1/soc_top_drc_routed.rpt.
report_drc completed successfully
INFO: [runtcl-4] Executing : report_methodology -file soc_top_methodology_drc_routed.rpt -pb soc_top_methodology_drc_routed.pb -rpx soc_top_methodology_drc_routed.rpx
Command: report_methodology -file soc_top_methodology_drc_routed.rpt -pb soc_top_methodology_drc_routed.pb -rpx soc_top_methodology_drc_routed.rpx
INFO: [Timing 38-35] Done setting XDC timing constraints.
INFO: [DRC 23-133] Running Methodology with 8 threads
INFO: [Vivado_Tcl 2-1520] The results of Report Methodology are in file /home/geekpie/work/chiplab-usb-20260722/fpga/loongson/2023.2/system_run.runs/impl_1/soc_top_methodology_drc_routed.rpt.
report_methodology completed successfully
report_methodology: Time (s): cpu = 00:00:52 ; elapsed = 00:00:14 . Memory (MB): peak = 3816.762 ; gain = 0.000 ; free physical = 634634 ; free virtual = 1008571
INFO: [runtcl-4] Executing : report_power -file soc_top_power_routed.rpt -pb soc_top_power_summary_routed.pb -rpx soc_top_power_routed.rpx
Command: report_power -file soc_top_power_routed.rpt -pb soc_top_power_summary_routed.pb -rpx soc_top_power_routed.rpx
INFO: [Timing 38-35] Done setting XDC timing constraints.
Running Vector-less Activity Propagation...

Finished Running Vector-less Activity Propagation
WARNING: [Power 33-332] Found switching activity that implies high-fanout reset nets being asserted for excessive periods of time which may result in inaccurate power analysis.
Resolution: To review and fix problems, please run Power Constraints Advisor in the GUI from Tools > Power Constraints Advisor or run report_power with the -advisory option to generate a text report.
402 Infos, 113 Warnings, 0 Critical Warnings and 0 Errors encountered.
report_power completed successfully
report_power: Time (s): cpu = 00:00:43 ; elapsed = 00:00:17 . Memory (MB): peak = 3937.230 ; gain = 120.469 ; free physical = 634597 ; free virtual = 1008546
INFO: [runtcl-4] Executing : report_route_status -file soc_top_route_status.rpt -pb soc_top_route_status.pb
INFO: [runtcl-4] Executing : report_timing_summary -max_paths 10 -file soc_top_timing_summary_routed.rpt -pb soc_top_timing_summary_routed.pb -rpx soc_top_timing_summary_routed.rpx -warn_on_violation 
INFO: [Timing 38-91] UpdateTimingParams: Speed grade: -2, Delay Type: min_max.
INFO: [Timing 38-191] Multithreading enabled for timing update using a maximum of 8 CPUs
WARNING: [Timing 38-436] There are set_bus_skew constraint(s) in this design. Please run report_bus_skew to ensure that bus skew requirements are met.
INFO: [runtcl-4] Executing : report_incremental_reuse -file soc_top_incremental_reuse_routed.rpt
INFO: [Vivado_Tcl 4-1062] Incremental flow is disabled. No incremental reuse Info to report.
INFO: [runtcl-4] Executing : report_clock_utilization -file soc_top_clock_utilization_routed.rpt
INFO: [runtcl-4] Executing : report_bus_skew -warn_on_violation -file soc_top_bus_skew_routed.rpt -pb soc_top_bus_skew_routed.pb -rpx soc_top_bus_skew_routed.rpx
INFO: [Timing 38-91] UpdateTimingParams: Speed grade: -2, Delay Type: min_max.
INFO: [Timing 38-191] Multithreading enabled for timing update using a maximum of 8 CPUs
INFO: [Timing 38-480] Writing timing data to binary archive.
Write ShapeDB Complete: Time (s): cpu = 00:00:00.7 ; elapsed = 00:00:00.15 . Memory (MB): peak = 3937.230 ; gain = 0.000 ; free physical = 634584 ; free virtual = 1008552
Wrote PlaceDB: Time (s): cpu = 00:00:08 ; elapsed = 00:00:03 . Memory (MB): peak = 3937.230 ; gain = 0.000 ; free physical = 634532 ; free virtual = 1008560
Wrote PulsedLatchDB: Time (s): cpu = 00:00:00 ; elapsed = 00:00:00 . Memory (MB): peak = 3937.230 ; gain = 0.000 ; free physical = 634532 ; free virtual = 1008560
Writing XDEF routing.
Writing XDEF routing logical nets.
Writing XDEF routing special nets.
Wrote RouteStorage: Time (s): cpu = 00:00:00.66 ; elapsed = 00:00:00.66 . Memory (MB): peak = 3937.230 ; gain = 0.000 ; free physical = 634522 ; free virtual = 1008560
Wrote Netlist Cache: Time (s): cpu = 00:00:00.09 ; elapsed = 00:00:00.09 . Memory (MB): peak = 3937.230 ; gain = 0.000 ; free physical = 634516 ; free virtual = 1008560
Wrote Device Cache: Time (s): cpu = 00:00:00.01 ; elapsed = 00:00:00.01 . Memory (MB): peak = 3937.230 ; gain = 0.000 ; free physical = 634516 ; free virtual = 1008560
Write Physdb Complete: Time (s): cpu = 00:00:09 ; elapsed = 00:00:04 . Memory (MB): peak = 3937.230 ; gain = 0.000 ; free physical = 634516 ; free virtual = 1008560
INFO: [Common 17-1381] The checkpoint '/home/geekpie/work/chiplab-usb-20260722/fpga/loongson/2023.2/system_run.runs/impl_1/soc_top_routed.dcp' has been generated.
write_checkpoint: Time (s): cpu = 00:00:12 ; elapsed = 00:00:07 . Memory (MB): peak = 3937.230 ; gain = 0.000 ; free physical = 634566 ; free virtual = 1008547
INFO: [Memdata 28-167] Found XPM memory block APB_DEV/usb_host_controller/usb_host_inst/u_fifo_tx/xpm_fifo_sync_inst/xpm_fifo_base_inst/gen_sdpram.xpm_memory_base_inst with a P_MEMORY_PRIMITIVE property set to auto. A value of block is required. You will not be able to use the updatemem program to update the bitstream with new data for the APB_DEV/usb_host_controller/usb_host_inst/u_fifo_tx/xpm_fifo_sync_inst/xpm_fifo_base_inst/gen_sdpram.xpm_memory_base_inst block.
INFO: [Memdata 28-167] Found XPM memory block APB_DEV/usb_host_controller/usb_host_inst/u_fifo_rx/xpm_fifo_sync_inst/xpm_fifo_base_inst/gen_sdpram.xpm_memory_base_inst with a P_MEMORY_PRIMITIVE property set to auto. A value of block is required. You will not be able to use the updatemem program to update the bitstream with new data for the APB_DEV/usb_host_controller/usb_host_inst/u_fifo_rx/xpm_fifo_sync_inst/xpm_fifo_base_inst/gen_sdpram.xpm_memory_base_inst block.
Command: write_bitstream -force soc_top.bit
Attempting to get a license for feature 'Implementation' and/or device 'xc7a200t'
INFO: [Common 17-349] Got license for feature 'Implementation' and/or device 'xc7a200t'
Running DRC as a precondition to command write_bitstream
INFO: [IP_Flow 19-1839] IP Catalog is up to date.
INFO: [DRC 23-27] Running DRC with 8 threads
WARNING: [DRC BUFC-1] Input Buffer Connections: Input buffer mig_axi/u_mig_axi_32_mig/u_memc_ui_top_axi/mem_intfc0/ddr_phy_top0/u_ddr_mc_phy_wrapper/gen_dqs_iobuf_HR.gen_dqs_iobuf[0].gen_dqs_diff.u_iobuf_dqs/IBUFDS_0 has no loads. It is recommended to have an input buffer drive an internal load.
WARNING: [DRC BUFC-1] Input Buffer Connections: Input buffer mig_axi/u_mig_axi_32_mig/u_memc_ui_top_axi/mem_intfc0/ddr_phy_top0/u_ddr_mc_phy_wrapper/gen_dqs_iobuf_HR.gen_dqs_iobuf[1].gen_dqs_diff.u_iobuf_dqs/IBUFDS_0 has no loads. It is recommended to have an input buffer drive an internal load.
WARNING: [DRC CFGBVS-1] Missing CFGBVS and CONFIG_VOLTAGE Design Properties: Neither the CFGBVS nor CONFIG_VOLTAGE voltage property is set in the current_design.  Configuration bank voltage select (CFGBVS) must be set to VCCO or GND, and CONFIG_VOLTAGE must be set to the correct configuration voltage, in order to determine the I/O voltage support for the pins in bank 0.  It is suggested to specify these either using the 'Edit Device Properties' function in the GUI or directly in the XDC file using the following syntax:

 set_property CFGBVS value1 [current_design]
 #where value1 is either VCCO or GND

 set_property CONFIG_VOLTAGE value2 [current_design]
 #where value2 is the voltage provided to configuration bank 0

Refer to the device configuration user guide for more information.
WARNING: [DRC CHECK-3] Report rule limit reached: REQP-1839 rule limit reached: 20 violations have been found.
WARNING: [DRC CHECK-3] Report rule limit reached: REQP-1840 rule limit reached: 20 violations have been found.
WARNING: [DRC DPOP-1] PREG Output pipelining: DSP cpu_mid/backendArea_core/multiplier/_zz_signedProduct output cpu_mid/backendArea_core/multiplier/_zz_signedProduct/P[47:0] is not pipelined (PREG=0). Pipelining the DSP48 output will improve performance and often saves power so it is suggested whenever possible to fully pipeline this function.  If this DSP48 function was inferred, it is suggested to describe an additional register stage after this function.  If the DSP48 was instantiated in the design, it is suggested to set the PREG attribute to 1.
WARNING: [DRC DPOP-1] PREG Output pipelining: DSP cpu_mid/backendArea_core/multiplier/_zz_signedProduct__0 output cpu_mid/backendArea_core/multiplier/_zz_signedProduct__0/P[47:0] is not pipelined (PREG=0). Pipelining the DSP48 output will improve performance and often saves power so it is suggested whenever possible to fully pipeline this function.  If this DSP48 function was inferred, it is suggested to describe an additional register stage after this function.  If the DSP48 was instantiated in the design, it is suggested to set the PREG attribute to 1.
WARNING: [DRC DPOP-1] PREG Output pipelining: DSP cpu_mid/backendArea_core/multiplier/_zz_signedProduct__1 output cpu_mid/backendArea_core/multiplier/_zz_signedProduct__1/P[47:0] is not pipelined (PREG=0). Pipelining the DSP48 output will improve performance and often saves power so it is suggested whenever possible to fully pipeline this function.  If this DSP48 function was inferred, it is suggested to describe an additional register stage after this function.  If the DSP48 was instantiated in the design, it is suggested to set the PREG attribute to 1.
WARNING: [DRC DPOP-1] PREG Output pipelining: DSP cpu_mid/backendArea_core/multiplier/_zz_signedProduct__2 output cpu_mid/backendArea_core/multiplier/_zz_signedProduct__2/P[47:0] is not pipelined (PREG=0). Pipelining the DSP48 output will improve performance and often saves power so it is suggested whenever possible to fully pipeline this function.  If this DSP48 function was inferred, it is suggested to describe an additional register stage after this function.  If the DSP48 was instantiated in the design, it is suggested to set the PREG attribute to 1.
WARNING: [DRC DPOP-1] PREG Output pipelining: DSP cpu_mid/backendArea_core/multiplier/_zz_unsignedProduct output cpu_mid/backendArea_core/multiplier/_zz_unsignedProduct/P[47:0] is not pipelined (PREG=0). Pipelining the DSP48 output will improve performance and often saves power so it is suggested whenever possible to fully pipeline this function.  If this DSP48 function was inferred, it is suggested to describe an additional register stage after this function.  If the DSP48 was instantiated in the design, it is suggested to set the PREG attribute to 1.
WARNING: [DRC DPOP-1] PREG Output pipelining: DSP cpu_mid/backendArea_core/multiplier/_zz_unsignedProduct__0 output cpu_mid/backendArea_core/multiplier/_zz_unsignedProduct__0/P[47:0] is not pipelined (PREG=0). Pipelining the DSP48 output will improve performance and often saves power so it is suggested whenever possible to fully pipeline this function.  If this DSP48 function was inferred, it is suggested to describe an additional register stage after this function.  If the DSP48 was instantiated in the design, it is suggested to set the PREG attribute to 1.
WARNING: [DRC DPOP-1] PREG Output pipelining: DSP cpu_mid/backendArea_core/multiplier/_zz_unsignedProduct__1 output cpu_mid/backendArea_core/multiplier/_zz_unsignedProduct__1/P[47:0] is not pipelined (PREG=0). Pipelining the DSP48 output will improve performance and often saves power so it is suggested whenever possible to fully pipeline this function.  If this DSP48 function was inferred, it is suggested to describe an additional register stage after this function.  If the DSP48 was instantiated in the design, it is suggested to set the PREG attribute to 1.
WARNING: [DRC DPOP-1] PREG Output pipelining: DSP cpu_mid/backendArea_core/multiplier/_zz_unsignedProduct__2 output cpu_mid/backendArea_core/multiplier/_zz_unsignedProduct__2/P[47:0] is not pipelined (PREG=0). Pipelining the DSP48 output will improve performance and often saves power so it is suggested whenever possible to fully pipeline this function.  If this DSP48 function was inferred, it is suggested to describe an additional register stage after this function.  If the DSP48 was instantiated in the design, it is suggested to set the PREG attribute to 1.
WARNING: [DRC DPOP-2] MREG Output pipelining: DSP cpu_mid/backendArea_core/multiplier/_zz_signedProduct multiplier stage cpu_mid/backendArea_core/multiplier/_zz_signedProduct/P[47:0] is not pipelined (MREG=0). Pipelining the multiplier function will improve performance and will save significant power so it is suggested whenever possible to fully pipeline this function.  If this multiplier was inferred, it is suggested to describe an additional register stage after this function.  If there is no registered adder/accumulator following the multiply function, two pipeline stages are suggested to allow both the MREG and PREG registers to be used.  If the DSP48 was instantiated in the design, it is suggested to set both the MREG and PREG attributes to 1 when performing multiply functions.
WARNING: [DRC DPOP-2] MREG Output pipelining: DSP cpu_mid/backendArea_core/multiplier/_zz_signedProduct__0 multiplier stage cpu_mid/backendArea_core/multiplier/_zz_signedProduct__0/P[47:0] is not pipelined (MREG=0). Pipelining the multiplier function will improve performance and will save significant power so it is suggested whenever possible to fully pipeline this function.  If this multiplier was inferred, it is suggested to describe an additional register stage after this function.  If there is no registered adder/accumulator following the multiply function, two pipeline stages are suggested to allow both the MREG and PREG registers to be used.  If the DSP48 was instantiated in the design, it is suggested to set both the MREG and PREG attributes to 1 when performing multiply functions.
WARNING: [DRC DPOP-2] MREG Output pipelining: DSP cpu_mid/backendArea_core/multiplier/_zz_signedProduct__1 multiplier stage cpu_mid/backendArea_core/multiplier/_zz_signedProduct__1/P[47:0] is not pipelined (MREG=0). Pipelining the multiplier function will improve performance and will save significant power so it is suggested whenever possible to fully pipeline this function.  If this multiplier was inferred, it is suggested to describe an additional register stage after this function.  If there is no registered adder/accumulator following the multiply function, two pipeline stages are suggested to allow both the MREG and PREG registers to be used.  If the DSP48 was instantiated in the design, it is suggested to set both the MREG and PREG attributes to 1 when performing multiply functions.
WARNING: [DRC DPOP-2] MREG Output pipelining: DSP cpu_mid/backendArea_core/multiplier/_zz_signedProduct__2 multiplier stage cpu_mid/backendArea_core/multiplier/_zz_signedProduct__2/P[47:0] is not pipelined (MREG=0). Pipelining the multiplier function will improve performance and will save significant power so it is suggested whenever possible to fully pipeline this function.  If this multiplier was inferred, it is suggested to describe an additional register stage after this function.  If there is no registered adder/accumulator following the multiply function, two pipeline stages are suggested to allow both the MREG and PREG registers to be used.  If the DSP48 was instantiated in the design, it is suggested to set both the MREG and PREG attributes to 1 when performing multiply functions.
WARNING: [DRC DPOP-2] MREG Output pipelining: DSP cpu_mid/backendArea_core/multiplier/_zz_unsignedProduct multiplier stage cpu_mid/backendArea_core/multiplier/_zz_unsignedProduct/P[47:0] is not pipelined (MREG=0). Pipelining the multiplier function will improve performance and will save significant power so it is suggested whenever possible to fully pipeline this function.  If this multiplier was inferred, it is suggested to describe an additional register stage after this function.  If there is no registered adder/accumulator following the multiply function, two pipeline stages are suggested to allow both the MREG and PREG registers to be used.  If the DSP48 was instantiated in the design, it is suggested to set both the MREG and PREG attributes to 1 when performing multiply functions.
WARNING: [DRC DPOP-2] MREG Output pipelining: DSP cpu_mid/backendArea_core/multiplier/_zz_unsignedProduct__0 multiplier stage cpu_mid/backendArea_core/multiplier/_zz_unsignedProduct__0/P[47:0] is not pipelined (MREG=0). Pipelining the multiplier function will improve performance and will save significant power so it is suggested whenever possible to fully pipeline this function.  If this multiplier was inferred, it is suggested to describe an additional register stage after this function.  If there is no registered adder/accumulator following the multiply function, two pipeline stages are suggested to allow both the MREG and PREG registers to be used.  If the DSP48 was instantiated in the design, it is suggested to set both the MREG and PREG attributes to 1 when performing multiply functions.
WARNING: [DRC DPOP-2] MREG Output pipelining: DSP cpu_mid/backendArea_core/multiplier/_zz_unsignedProduct__1 multiplier stage cpu_mid/backendArea_core/multiplier/_zz_unsignedProduct__1/P[47:0] is not pipelined (MREG=0). Pipelining the multiplier function will improve performance and will save significant power so it is suggested whenever possible to fully pipeline this function.  If this multiplier was inferred, it is suggested to describe an additional register stage after this function.  If there is no registered adder/accumulator following the multiply function, two pipeline stages are suggested to allow both the MREG and PREG registers to be used.  If the DSP48 was instantiated in the design, it is suggested to set both the MREG and PREG attributes to 1 when performing multiply functions.
WARNING: [DRC DPOP-2] MREG Output pipelining: DSP cpu_mid/backendArea_core/multiplier/_zz_unsignedProduct__2 multiplier stage cpu_mid/backendArea_core/multiplier/_zz_unsignedProduct__2/P[47:0] is not pipelined (MREG=0). Pipelining the multiplier function will improve performance and will save significant power so it is suggested whenever possible to fully pipeline this function.  If this multiplier was inferred, it is suggested to describe an additional register stage after this function.  If there is no registered adder/accumulator following the multiply function, two pipeline stages are suggested to allow both the MREG and PREG registers to be used.  If the DSP48 was instantiated in the design, it is suggested to set both the MREG and PREG attributes to 1 when performing multiply functions.
WARNING: [DRC IOSR-1] IOB set reset sharing: IO NAND_DATA[0] connects to flops which have these APB_DEV/nand_module/NAND/NAND_ADDR_COUNT[2]_i_1_n_0, and APB_DEV/nand_module/NAND/bbstub_S00_AXI_ARESET_OUT_N set/reset signals.  For optimal IOB flop packing there should be only one set/reset signal coming into the IOB.
WARNING: [DRC IOSR-1] IOB set reset sharing: IO NAND_DATA[1] connects to flops which have these APB_DEV/nand_module/NAND/NAND_ADDR_COUNT[2]_i_1_n_0, and APB_DEV/nand_module/NAND/bbstub_S00_AXI_ARESET_OUT_N set/reset signals.  For optimal IOB flop packing there should be only one set/reset signal coming into the IOB.
WARNING: [DRC IOSR-1] IOB set reset sharing: IO NAND_DATA[2] connects to flops which have these APB_DEV/nand_module/NAND/NAND_ADDR_COUNT[2]_i_1_n_0, and APB_DEV/nand_module/NAND/bbstub_S00_AXI_ARESET_OUT_N set/reset signals.  For optimal IOB flop packing there should be only one set/reset signal coming into the IOB.
WARNING: [DRC IOSR-1] IOB set reset sharing: IO NAND_DATA[3] connects to flops which have these APB_DEV/nand_module/NAND/NAND_ADDR_COUNT[2]_i_1_n_0, and APB_DEV/nand_module/NAND/bbstub_S00_AXI_ARESET_OUT_N set/reset signals.  For optimal IOB flop packing there should be only one set/reset signal coming into the IOB.
WARNING: [DRC IOSR-1] IOB set reset sharing: IO NAND_DATA[4] connects to flops which have these APB_DEV/nand_module/NAND/NAND_ADDR_COUNT[2]_i_1_n_0, and APB_DEV/nand_module/NAND/bbstub_S00_AXI_ARESET_OUT_N set/reset signals.  For optimal IOB flop packing there should be only one set/reset signal coming into the IOB.
WARNING: [DRC IOSR-1] IOB set reset sharing: IO NAND_DATA[5] connects to flops which have these APB_DEV/nand_module/NAND/NAND_ADDR_COUNT[2]_i_1_n_0, and APB_DEV/nand_module/NAND/bbstub_S00_AXI_ARESET_OUT_N set/reset signals.  For optimal IOB flop packing there should be only one set/reset signal coming into the IOB.
WARNING: [DRC IOSR-1] IOB set reset sharing: IO NAND_DATA[6] connects to flops which have these APB_DEV/nand_module/NAND/NAND_ADDR_COUNT[2]_i_1_n_0, and APB_DEV/nand_module/NAND/bbstub_S00_AXI_ARESET_OUT_N set/reset signals.  For optimal IOB flop packing there should be only one set/reset signal coming into the IOB.
WARNING: [DRC IOSR-1] IOB set reset sharing: IO NAND_DATA[7] connects to flops which have these APB_DEV/nand_module/NAND/NAND_ADDR_COUNT[2]_i_1_n_0, and APB_DEV/nand_module/NAND/bbstub_S00_AXI_ARESET_OUT_N set/reset signals.  For optimal IOB flop packing there should be only one set/reset signal coming into the IOB.
WARNING: [DRC PDCN-1569] LUT equation term check: Used physical LUT pin 'A1' of cell mig_axi_interconnect/inst/axi_interconnect_inst/mi_data_fifo_bank/gen_fifo_slot[0].data_fifo_inst/gen_fifo.fifo_gen_inst/inst_fifo_gen/gaxi_full_lite.gread_ch.grdch2.axi_rdch/grf.rf/gntv_or_sync_fifo.gl0.rd/gr1.gr1_int.rfwft/gpregsm1.user_valid_i_1__0 (pin mig_axi_interconnect/inst/axi_interconnect_inst/mi_data_fifo_bank/gen_fifo_slot[0].data_fifo_inst/gen_fifo.fifo_gen_inst/inst_fifo_gen/gaxi_full_lite.gread_ch.grdch2.axi_rdch/grf.rf/gntv_or_sync_fifo.gl0.rd/gr1.gr1_int.rfwft/gpregsm1.user_valid_i_1__0/I0) is not included in the LUT equation: 'O6=(A5*A4)+(A5*(~A4)*A2)+((~A5)*A6*A2)+((~A5)*(~A6)*A4)+((~A5)*(~A6)*(~A4)*A2)'. If this cell is a user instantiated LUT in the design, please remove connectivity to the pin or change the equation and/or INIT string of the LUT to prevent this issue. If the cell is inferred or IP created LUT, please regenerate the IP and/or resynthesize the design to attempt to correct the issue.
WARNING: [DRC PDCN-1569] LUT equation term check: Used physical LUT pin 'A1' of cell mig_axi_interconnect/inst/axi_interconnect_inst/si_converter_bank/gen_conv_slot[0].clock_conv_inst/gen_async_readwrite.asyncfifo_rw/inst_fifo_gen/gaxi_full_lite.gread_ch.grach2.axi_rach/grf.rf/gntv_or_sync_fifo.gl0.rd/gr1.gr1_int.rfwft/gpregsm1.user_valid_i_1__3 (pin mig_axi_interconnect/inst/axi_interconnect_inst/si_converter_bank/gen_conv_slot[0].clock_conv_inst/gen_async_readwrite.asyncfifo_rw/inst_fifo_gen/gaxi_full_lite.gread_ch.grach2.axi_rach/grf.rf/gntv_or_sync_fifo.gl0.rd/gr1.gr1_int.rfwft/gpregsm1.user_valid_i_1__3/I1) is not included in the LUT equation: 'O6=(A6)+((~A6)*A2*A4*A3)+((~A6)*(~A2)*A3)'. If this cell is a user instantiated LUT in the design, please remove connectivity to the pin or change the equation and/or INIT string of the LUT to prevent this issue. If the cell is inferred or IP created LUT, please regenerate the IP and/or resynthesize the design to attempt to correct the issue.
WARNING: [DRC PDCN-1569] LUT equation term check: Used physical LUT pin 'A1' of cell mig_axi_interconnect/inst/axi_interconnect_inst/si_converter_bank/gen_conv_slot[0].clock_conv_inst/gen_async_readwrite.asyncfifo_rw/inst_fifo_gen/gaxi_full_lite.gwrite_ch.gwdch2.axi_wdch/grf.rf/gntv_or_sync_fifo.gl0.rd/gr1.gr1_int.rfwft/gpregsm1.user_valid_i_1__2 (pin mig_axi_interconnect/inst/axi_interconnect_inst/si_converter_bank/gen_conv_slot[0].clock_conv_inst/gen_async_readwrite.asyncfifo_rw/inst_fifo_gen/gaxi_full_lite.gwrite_ch.gwdch2.axi_wdch/grf.rf/gntv_or_sync_fifo.gl0.rd/gr1.gr1_int.rfwft/gpregsm1.user_valid_i_1__2/I1) is not included in the LUT equation: 'O6=(A5)+((~A5)*A6*A3*A2)+((~A5)*(~A6)*A2)'. If this cell is a user instantiated LUT in the design, please remove connectivity to the pin or change the equation and/or INIT string of the LUT to prevent this issue. If the cell is inferred or IP created LUT, please regenerate the IP and/or resynthesize the design to attempt to correct the issue.
WARNING: [DRC PDCN-1569] LUT equation term check: Used physical LUT pin 'A1' of cell mig_axi_interconnect/inst/axi_interconnect_inst/si_converter_bank/gen_conv_slot[2].clock_conv_inst/gen_async_readwrite.asyncfifo_rw/inst_fifo_gen/gaxi_full_lite.gread_ch.grach2.axi_rach/grf.rf/gntv_or_sync_fifo.gl0.rd/gr1.gr1_int.rfwft/gpregsm1.user_valid_i_1__3 (pin mig_axi_interconnect/inst/axi_interconnect_inst/si_converter_bank/gen_conv_slot[2].clock_conv_inst/gen_async_readwrite.asyncfifo_rw/inst_fifo_gen/gaxi_full_lite.gread_ch.grach2.axi_rach/grf.rf/gntv_or_sync_fifo.gl0.rd/gr1.gr1_int.rfwft/gpregsm1.user_valid_i_1__3/I1) is not included in the LUT equation: 'O6=(A3)+((~A3)*A5*A4*A2)+((~A3)*(~A5)*A2)'. If this cell is a user instantiated LUT in the design, please remove connectivity to the pin or change the equation and/or INIT string of the LUT to prevent this issue. If the cell is inferred or IP created LUT, please regenerate the IP and/or resynthesize the design to attempt to correct the issue.
WARNING: [DRC PDCN-1569] LUT equation term check: Used physical LUT pin 'A1' of cell mig_axi_interconnect/inst/axi_interconnect_inst/si_converter_bank/gen_conv_slot[2].gen_downsizer.downsizer_inst/USE_READ.read_addr_inst/USE_BURSTS.cmd_queue/inst/fifo_gen_inst/inst_fifo_gen/gconvfifo.rf/grf.rf/gntv_or_sync_fifo.gl0.rd/gr1.gr1_int.rfwft/gpregsm1.user_valid_i_1 (pin mig_axi_interconnect/inst/axi_interconnect_inst/si_converter_bank/gen_conv_slot[2].gen_downsizer.downsizer_inst/USE_READ.read_addr_inst/USE_BURSTS.cmd_queue/inst/fifo_gen_inst/inst_fifo_gen/gconvfifo.rf/grf.rf/gntv_or_sync_fifo.gl0.rd/gr1.gr1_int.rfwft/gpregsm1.user_valid_i_1/I1) is not included in the LUT equation: 'O6=(A2)+((~A2)*(~A6)*A3)'. If this cell is a user instantiated LUT in the design, please remove connectivity to the pin or change the equation and/or INIT string of the LUT to prevent this issue. If the cell is inferred or IP created LUT, please regenerate the IP and/or resynthesize the design to attempt to correct the issue.
WARNING: [DRC PDCN-1569] LUT equation term check: Used physical LUT pin 'A1' of cell mig_axi_interconnect/inst/axi_interconnect_inst/si_converter_bank/gen_conv_slot[2].gen_downsizer.downsizer_inst/USE_WRITE.write_addr_inst/USE_BURSTS.cmd_queue/inst/fifo_gen_inst/inst_fifo_gen/gconvfifo.rf/grf.rf/gntv_or_sync_fifo.gl0.rd/gr1.gr1_int.rfwft/gpregsm1.user_valid_i_1 (pin mig_axi_interconnect/inst/axi_interconnect_inst/si_converter_bank/gen_conv_slot[2].gen_downsizer.downsizer_inst/USE_WRITE.write_addr_inst/USE_BURSTS.cmd_queue/inst/fifo_gen_inst/inst_fifo_gen/gconvfifo.rf/grf.rf/gntv_or_sync_fifo.gl0.rd/gr1.gr1_int.rfwft/gpregsm1.user_valid_i_1/I1) is not included in the LUT equation: 'O6=(A5)+((~A5)*(~A6)*A2)'. If this cell is a user instantiated LUT in the design, please remove connectivity to the pin or change the equation and/or INIT string of the LUT to prevent this issue. If the cell is inferred or IP created LUT, please regenerate the IP and/or resynthesize the design to attempt to correct the issue.
WARNING: [DRC PDCN-1569] LUT equation term check: Used physical LUT pin 'A1' of cell mig_axi_interconnect/inst/axi_interconnect_inst/si_data_fifo_bank/gen_fifo_slot[0].data_fifo_inst/gen_fifo.fifo_gen_inst/inst_fifo_gen/gaxi_full_lite.gread_ch.grdch2.axi_rdch/grf.rf/gntv_or_sync_fifo.gl0.rd/gr1.gr1_int.rfwft/gpregsm1.user_valid_i_1__0 (pin mig_axi_interconnect/inst/axi_interconnect_inst/si_data_fifo_bank/gen_fifo_slot[0].data_fifo_inst/gen_fifo.fifo_gen_inst/inst_fifo_gen/gaxi_full_lite.gread_ch.grdch2.axi_rdch/grf.rf/gntv_or_sync_fifo.gl0.rd/gr1.gr1_int.rfwft/gpregsm1.user_valid_i_1__0/I1) is not included in the LUT equation: 'O6=(A5)+((~A5)*A3*A6*A2)+((~A5)*(~A3)*A2)'. If this cell is a user instantiated LUT in the design, please remove connectivity to the pin or change the equation and/or INIT string of the LUT to prevent this issue. If the cell is inferred or IP created LUT, please regenerate the IP and/or resynthesize the design to attempt to correct the issue.
WARNING: [DRC PDCN-1569] LUT equation term check: Used physical LUT pin 'A3' of cell mig_axi_interconnect/inst/axi_interconnect_inst/si_converter_bank/gen_conv_slot[2].gen_downsizer.downsizer_inst/USE_WRITE.write_addr_inst/USE_B_CHANNEL.cmd_b_queue/inst/fifo_gen_inst/inst_fifo_gen/gconvfifo.rf/grf.rf/gntv_or_sync_fifo.gl0.rd/gr1.gr1_int.rfwft/gpregsm1.user_valid_i_1 (pin mig_axi_interconnect/inst/axi_interconnect_inst/si_converter_bank/gen_conv_slot[2].gen_downsizer.downsizer_inst/USE_WRITE.write_addr_inst/USE_B_CHANNEL.cmd_b_queue/inst/fifo_gen_inst/inst_fifo_gen/gconvfifo.rf/grf.rf/gntv_or_sync_fifo.gl0.rd/gr1.gr1_int.rfwft/gpregsm1.user_valid_i_1/I1) is not included in the LUT equation: 'O6=(A5)+((~A5)*(~A1)*A4)'. If this cell is a user instantiated LUT in the design, please remove connectivity to the pin or change the equation and/or INIT string of the LUT to prevent this issue. If the cell is inferred or IP created LUT, please regenerate the IP and/or resynthesize the design to attempt to correct the issue.
WARNING: [DRC PDCN-1569] LUT equation term check: Used physical LUT pin 'A3' of cell mig_axi_interconnect/inst/axi_interconnect_inst/si_data_fifo_bank/gen_fifo_slot[1].data_fifo_inst/gen_fifo.fifo_gen_inst/inst_fifo_gen/gaxi_full_lite.gwrite_ch.gwdch2.axi_wdch/grf.rf/gntv_or_sync_fifo.gl0.rd/gr1.gr1_int.rfwft/gpregsm1.user_valid_i_1 (pin mig_axi_interconnect/inst/axi_interconnect_inst/si_data_fifo_bank/gen_fifo_slot[1].data_fifo_inst/gen_fifo.fifo_gen_inst/inst_fifo_gen/gaxi_full_lite.gwrite_ch.gwdch2.axi_wdch/grf.rf/gntv_or_sync_fifo.gl0.rd/gr1.gr1_int.rfwft/gpregsm1.user_valid_i_1/I1) is not included in the LUT equation: 'O6=(A2)+((~A2)*A1*A5*A4)+((~A2)*(~A1)*A4)'. If this cell is a user instantiated LUT in the design, please remove connectivity to the pin or change the equation and/or INIT string of the LUT to prevent this issue. If the cell is inferred or IP created LUT, please regenerate the IP and/or resynthesize the design to attempt to correct the issue.
WARNING: [DRC PDCN-1569] LUT equation term check: Used physical LUT pin 'A4' of cell mig_axi_interconnect/inst/axi_interconnect_inst/si_converter_bank/gen_conv_slot[0].clock_conv_inst/gen_async_readwrite.asyncfifo_rw/inst_fifo_gen/gaxi_full_lite.gwrite_ch.gwrch2.axi_wrch/grf.rf/gntv_or_sync_fifo.gl0.rd/gr1.gr1_int.rfwft/gpregsm1.user_valid_i_1 (pin mig_axi_interconnect/inst/axi_interconnect_inst/si_converter_bank/gen_conv_slot[0].clock_conv_inst/gen_async_readwrite.asyncfifo_rw/inst_fifo_gen/gaxi_full_lite.gwrite_ch.gwrch2.axi_wrch/grf.rf/gntv_or_sync_fifo.gl0.rd/gr1.gr1_int.rfwft/gpregsm1.user_valid_i_1/I1) is not included in the LUT equation: 'O6=(A1)+((~A1)*A2*A6*A5)+((~A1)*(~A2)*A5)'. If this cell is a user instantiated LUT in the design, please remove connectivity to the pin or change the equation and/or INIT string of the LUT to prevent this issue. If the cell is inferred or IP created LUT, please regenerate the IP and/or resynthesize the design to attempt to correct the issue.
WARNING: [DRC PDCN-1569] LUT equation term check: Used physical LUT pin 'A4' of cell mig_axi_interconnect/inst/axi_interconnect_inst/si_converter_bank/gen_conv_slot[1].clock_conv_inst/gen_async_readwrite.asyncfifo_rw/inst_fifo_gen/gaxi_full_lite.gread_ch.grach2.axi_rach/grf.rf/gntv_or_sync_fifo.gl0.rd/gr1.gr1_int.rfwft/gpregsm1.user_valid_i_1__3 (pin mig_axi_interconnect/inst/axi_interconnect_inst/si_converter_bank/gen_conv_slot[1].clock_conv_inst/gen_async_readwrite.asyncfifo_rw/inst_fifo_gen/gaxi_full_lite.gread_ch.grach2.axi_rach/grf.rf/gntv_or_sync_fifo.gl0.rd/gr1.gr1_int.rfwft/gpregsm1.user_valid_i_1__3/I1) is not included in the LUT equation: 'O6=(A1)+((~A1)*A2*A5*A3)+((~A1)*(~A2)*A3)'. If this cell is a user instantiated LUT in the design, please remove connectivity to the pin or change the equation and/or INIT string of the LUT to prevent this issue. If the cell is inferred or IP created LUT, please regenerate the IP and/or resynthesize the design to attempt to correct the issue.
WARNING: [DRC PDCN-1569] LUT equation term check: Used physical LUT pin 'A4' of cell mig_axi_interconnect/inst/axi_interconnect_inst/si_converter_bank/gen_conv_slot[1].clock_conv_inst/gen_async_readwrite.asyncfifo_rw/inst_fifo_gen/gaxi_full_lite.gwrite_ch.gwrch2.axi_wrch/grf.rf/gntv_or_sync_fifo.gl0.rd/gr1.gr1_int.rfwft/gpregsm1.user_valid_i_1 (pin mig_axi_interconnect/inst/axi_interconnect_inst/si_converter_bank/gen_conv_slot[1].clock_conv_inst/gen_async_readwrite.asyncfifo_rw/inst_fifo_gen/gaxi_full_lite.gwrite_ch.gwrch2.axi_wrch/grf.rf/gntv_or_sync_fifo.gl0.rd/gr1.gr1_int.rfwft/gpregsm1.user_valid_i_1/I1) is not included in the LUT equation: 'O6=(A3)+((~A3)*A1*A2*A6)+((~A3)*(~A1)*A6)'. If this cell is a user instantiated LUT in the design, please remove connectivity to the pin or change the equation and/or INIT string of the LUT to prevent this issue. If the cell is inferred or IP created LUT, please regenerate the IP and/or resynthesize the design to attempt to correct the issue.
WARNING: [DRC PDCN-1569] LUT equation term check: Used physical LUT pin 'A4' of cell mig_axi_interconnect/inst/axi_interconnect_inst/si_converter_bank/gen_conv_slot[2].clock_conv_inst/gen_async_readwrite.asyncfifo_rw/inst_fifo_gen/gaxi_full_lite.gwrite_ch.gwach2.axi_wach/grf.rf/gntv_or_sync_fifo.gl0.rd/gr1.gr1_int.rfwft/gpregsm1.user_valid_i_1__1 (pin mig_axi_interconnect/inst/axi_interconnect_inst/si_converter_bank/gen_conv_slot[2].clock_conv_inst/gen_async_readwrite.asyncfifo_rw/inst_fifo_gen/gaxi_full_lite.gwrite_ch.gwach2.axi_wach/grf.rf/gntv_or_sync_fifo.gl0.rd/gr1.gr1_int.rfwft/gpregsm1.user_valid_i_1__1/I1) is not included in the LUT equation: 'O6=(A2)+((~A2)*A1*A3*A5)+((~A2)*(~A1)*A5)'. If this cell is a user instantiated LUT in the design, please remove connectivity to the pin or change the equation and/or INIT string of the LUT to prevent this issue. If the cell is inferred or IP created LUT, please regenerate the IP and/or resynthesize the design to attempt to correct the issue.
WARNING: [DRC PDCN-1569] LUT equation term check: Used physical LUT pin 'A4' of cell mig_axi_interconnect/inst/axi_interconnect_inst/si_converter_bank/gen_conv_slot[2].clock_conv_inst/gen_async_readwrite.asyncfifo_rw/inst_fifo_gen/gaxi_full_lite.gwrite_ch.gwrch2.axi_wrch/grf.rf/gntv_or_sync_fifo.gl0.rd/gr1.gr1_int.rfwft/gpregsm1.user_valid_i_1 (pin mig_axi_interconnect/inst/axi_interconnect_inst/si_converter_bank/gen_conv_slot[2].clock_conv_inst/gen_async_readwrite.asyncfifo_rw/inst_fifo_gen/gaxi_full_lite.gwrite_ch.gwrch2.axi_wrch/grf.rf/gntv_or_sync_fifo.gl0.rd/gr1.gr1_int.rfwft/gpregsm1.user_valid_i_1/I1) is not included in the LUT equation: 'O6=(A5)+((~A5)*A6*A3*A1)+((~A5)*(~A6)*A1)'. If this cell is a user instantiated LUT in the design, please remove connectivity to the pin or change the equation and/or INIT string of the LUT to prevent this issue. If the cell is inferred or IP created LUT, please regenerate the IP and/or resynthesize the design to attempt to correct the issue.
WARNING: [DRC PDCN-1569] LUT equation term check: Used physical LUT pin 'A4' of cell mig_axi_interconnect/inst/axi_interconnect_inst/si_data_fifo_bank/gen_fifo_slot[0].data_fifo_inst/gen_fifo.fifo_gen_inst/inst_fifo_gen/gaxi_full_lite.gwrite_ch.gwdch2.axi_wdch/grf.rf/gntv_or_sync_fifo.gl0.rd/gr1.gr1_int.rfwft/gpregsm1.user_valid_i_1 (pin mig_axi_interconnect/inst/axi_interconnect_inst/si_data_fifo_bank/gen_fifo_slot[0].data_fifo_inst/gen_fifo.fifo_gen_inst/inst_fifo_gen/gaxi_full_lite.gwrite_ch.gwdch2.axi_wdch/grf.rf/gntv_or_sync_fifo.gl0.rd/gr1.gr1_int.rfwft/gpregsm1.user_valid_i_1/I1) is not included in the LUT equation: 'O6=(A5)+((~A5)*A1*A6*A3)+((~A5)*(~A1)*A3)'. If this cell is a user instantiated LUT in the design, please remove connectivity to the pin or change the equation and/or INIT string of the LUT to prevent this issue. If the cell is inferred or IP created LUT, please regenerate the IP and/or resynthesize the design to attempt to correct the issue.
WARNING: [DRC PDCN-1569] LUT equation term check: Used physical LUT pin 'A4' of cell mig_axi_interconnect/inst/axi_interconnect_inst/si_data_fifo_bank/gen_fifo_slot[1].data_fifo_inst/gen_fifo.fifo_gen_inst/inst_fifo_gen/gaxi_full_lite.gread_ch.grdch2.axi_rdch/grf.rf/gntv_or_sync_fifo.gl0.rd/gr1.gr1_int.rfwft/gpregsm1.user_valid_i_1__0 (pin mig_axi_interconnect/inst/axi_interconnect_inst/si_data_fifo_bank/gen_fifo_slot[1].data_fifo_inst/gen_fifo.fifo_gen_inst/inst_fifo_gen/gaxi_full_lite.gread_ch.grdch2.axi_rdch/grf.rf/gntv_or_sync_fifo.gl0.rd/gr1.gr1_int.rfwft/gpregsm1.user_valid_i_1__0/I1) is not included in the LUT equation: 'O6=(A1)+((~A1)*A6*A5*A3)+((~A1)*(~A6)*A3)'. If this cell is a user instantiated LUT in the design, please remove connectivity to the pin or change the equation and/or INIT string of the LUT to prevent this issue. If the cell is inferred or IP created LUT, please regenerate the IP and/or resynthesize the design to attempt to correct the issue.
WARNING: [DRC PDCN-1569] LUT equation term check: Used physical LUT pin 'A4' of cell mig_axi_interconnect/inst/axi_interconnect_inst/si_data_fifo_bank/gen_fifo_slot[2].data_fifo_inst/gen_fifo.fifo_gen_inst/inst_fifo_gen/gaxi_full_lite.gwrite_ch.gwdch2.axi_wdch/grf.rf/gntv_or_sync_fifo.gl0.rd/gr1.gr1_int.rfwft/gpregsm1.user_valid_i_1 (pin mig_axi_interconnect/inst/axi_interconnect_inst/si_data_fifo_bank/gen_fifo_slot[2].data_fifo_inst/gen_fifo.fifo_gen_inst/inst_fifo_gen/gaxi_full_lite.gwrite_ch.gwdch2.axi_wdch/grf.rf/gntv_or_sync_fifo.gl0.rd/gr1.gr1_int.rfwft/gpregsm1.user_valid_i_1/I1) is not included in the LUT equation: 'O6=(A3)+((~A3)*A5*A1*A2)+((~A3)*(~A5)*A2)'. If this cell is a user instantiated LUT in the design, please remove connectivity to the pin or change the equation and/or INIT string of the LUT to prevent this issue. If the cell is inferred or IP created LUT, please regenerate the IP and/or resynthesize the design to attempt to correct the issue.
WARNING: [DRC PDCN-1569] LUT equation term check: Used physical LUT pin 'A5' of cell mig_axi_interconnect/inst/axi_interconnect_inst/si_converter_bank/gen_conv_slot[1].clock_conv_inst/gen_async_readwrite.asyncfifo_rw/inst_fifo_gen/gaxi_full_lite.gwrite_ch.gwdch2.axi_wdch/grf.rf/gntv_or_sync_fifo.gl0.rd/gr1.gr1_int.rfwft/gpregsm1.user_valid_i_1__2 (pin mig_axi_interconnect/inst/axi_interconnect_inst/si_converter_bank/gen_conv_slot[1].clock_conv_inst/gen_async_readwrite.asyncfifo_rw/inst_fifo_gen/gaxi_full_lite.gwrite_ch.gwdch2.axi_wdch/grf.rf/gntv_or_sync_fifo.gl0.rd/gr1.gr1_int.rfwft/gpregsm1.user_valid_i_1__2/I1) is not included in the LUT equation: 'O6=(A3)+((~A3)*A1*A6*A4)+((~A3)*(~A1)*A4)'. If this cell is a user instantiated LUT in the design, please remove connectivity to the pin or change the equation and/or INIT string of the LUT to prevent this issue. If the cell is inferred or IP created LUT, please regenerate the IP and/or resynthesize the design to attempt to correct the issue.
WARNING: [DRC PDCN-1569] LUT equation term check: Used physical LUT pin 'A5' of cell mig_axi_interconnect/inst/axi_interconnect_inst/si_data_fifo_bank/gen_fifo_slot[2].data_fifo_inst/gen_fifo.fifo_gen_inst/inst_fifo_gen/gaxi_full_lite.gread_ch.grdch2.axi_rdch/grf.rf/gntv_or_sync_fifo.gl0.rd/gr1.gr1_int.rfwft/gpregsm1.user_valid_i_1__0 (pin mig_axi_interconnect/inst/axi_interconnect_inst/si_data_fifo_bank/gen_fifo_slot[2].data_fifo_inst/gen_fifo.fifo_gen_inst/inst_fifo_gen/gaxi_full_lite.gread_ch.grdch2.axi_rdch/grf.rf/gntv_or_sync_fifo.gl0.rd/gr1.gr1_int.rfwft/gpregsm1.user_valid_i_1__0/I1) is not included in the LUT equation: 'O6=(A3)+((~A3)*A6*A2*A1)+((~A3)*(~A6)*A1)'. If this cell is a user instantiated LUT in the design, please remove connectivity to the pin or change the equation and/or INIT string of the LUT to prevent this issue. If the cell is inferred or IP created LUT, please regenerate the IP and/or resynthesize the design to attempt to correct the issue.
WARNING: [DRC PDCN-1569] LUT equation term check: Used physical LUT pin 'A6' of cell mig_axi_interconnect/inst/axi_interconnect_inst/mi_data_fifo_bank/gen_fifo_slot[0].data_fifo_inst/gen_fifo.fifo_gen_inst/inst_fifo_gen/gaxi_full_lite.gwrite_ch.gwdch2.axi_wdch/grf.rf/gntv_or_sync_fifo.gl0.rd/gr1.gr1_int.rfwft/gpregsm1.user_valid_i_1 (pin mig_axi_interconnect/inst/axi_interconnect_inst/mi_data_fifo_bank/gen_fifo_slot[0].data_fifo_inst/gen_fifo.fifo_gen_inst/inst_fifo_gen/gaxi_full_lite.gwrite_ch.gwdch2.axi_wdch/grf.rf/gntv_or_sync_fifo.gl0.rd/gr1.gr1_int.rfwft/gpregsm1.user_valid_i_1/I0) is not included in the LUT equation: 'O6=(A1*A3)+(A1*(~A3)*A4)+((~A1)*A2*A4)+((~A1)*(~A2)*A3)+((~A1)*(~A2)*(~A3)*A4)'. If this cell is a user instantiated LUT in the design, please remove connectivity to the pin or change the equation and/or INIT string of the LUT to prevent this issue. If the cell is inferred or IP created LUT, please regenerate the IP and/or resynthesize the design to attempt to correct the issue.
WARNING: [DRC PDCN-1569] LUT equation term check: Used physical LUT pin 'A6' of cell mig_axi_interconnect/inst/axi_interconnect_inst/si_converter_bank/gen_conv_slot[0].clock_conv_inst/gen_async_readwrite.asyncfifo_rw/inst_fifo_gen/gaxi_full_lite.gread_ch.grdch2.axi_rdch/grf.rf/gntv_or_sync_fifo.gl0.rd/gr1.gr1_int.rfwft/gpregsm1.user_valid_i_1__0 (pin mig_axi_interconnect/inst/axi_interconnect_inst/si_converter_bank/gen_conv_slot[0].clock_conv_inst/gen_async_readwrite.asyncfifo_rw/inst_fifo_gen/gaxi_full_lite.gread_ch.grdch2.axi_rdch/grf.rf/gntv_or_sync_fifo.gl0.rd/gr1.gr1_int.rfwft/gpregsm1.user_valid_i_1__0/I1) is not included in the LUT equation: 'O6=(A3)+((~A3)*A5*A4*A2)+((~A3)*(~A5)*A2)'. If this cell is a user instantiated LUT in the design, please remove connectivity to the pin or change the equation and/or INIT string of the LUT to prevent this issue. If the cell is inferred or IP created LUT, please regenerate the IP and/or resynthesize the design to attempt to correct the issue.
WARNING: [DRC PDCN-1569] LUT equation term check: Used physical LUT pin 'A6' of cell mig_axi_interconnect/inst/axi_interconnect_inst/si_converter_bank/gen_conv_slot[0].clock_conv_inst/gen_async_readwrite.asyncfifo_rw/inst_fifo_gen/gaxi_full_lite.gwrite_ch.gwach2.axi_wach/grf.rf/gntv_or_sync_fifo.gl0.rd/gr1.gr1_int.rfwft/gpregsm1.user_valid_i_1__1 (pin mig_axi_interconnect/inst/axi_interconnect_inst/si_converter_bank/gen_conv_slot[0].clock_conv_inst/gen_async_readwrite.asyncfifo_rw/inst_fifo_gen/gaxi_full_lite.gwrite_ch.gwach2.axi_wach/grf.rf/gntv_or_sync_fifo.gl0.rd/gr1.gr1_int.rfwft/gpregsm1.user_valid_i_1__1/I1) is not included in the LUT equation: 'O6=(A3)+((~A3)*A2*A1*A4)+((~A3)*(~A2)*A4)'. If this cell is a user instantiated LUT in the design, please remove connectivity to the pin or change the equation and/or INIT string of the LUT to prevent this issue. If the cell is inferred or IP created LUT, please regenerate the IP and/or resynthesize the design to attempt to correct the issue.
WARNING: [DRC PDCN-1569] LUT equation term check: Used physical LUT pin 'A6' of cell mig_axi_interconnect/inst/axi_interconnect_inst/si_converter_bank/gen_conv_slot[1].clock_conv_inst/gen_async_readwrite.asyncfifo_rw/inst_fifo_gen/gaxi_full_lite.gread_ch.grdch2.axi_rdch/grf.rf/gntv_or_sync_fifo.gl0.rd/gr1.gr1_int.rfwft/gpregsm1.user_valid_i_1__0 (pin mig_axi_interconnect/inst/axi_interconnect_inst/si_converter_bank/gen_conv_slot[1].clock_conv_inst/gen_async_readwrite.asyncfifo_rw/inst_fifo_gen/gaxi_full_lite.gread_ch.grdch2.axi_rdch/grf.rf/gntv_or_sync_fifo.gl0.rd/gr1.gr1_int.rfwft/gpregsm1.user_valid_i_1__0/I1) is not included in the LUT equation: 'O6=(A3)+((~A3)*A5*A1*A4)+((~A3)*(~A5)*A4)'. If this cell is a user instantiated LUT in the design, please remove connectivity to the pin or change the equation and/or INIT string of the LUT to prevent this issue. If the cell is inferred or IP created LUT, please regenerate the IP and/or resynthesize the design to attempt to correct the issue.
WARNING: [DRC PDCN-1569] LUT equation term check: Used physical LUT pin 'A6' of cell mig_axi_interconnect/inst/axi_interconnect_inst/si_converter_bank/gen_conv_slot[1].clock_conv_inst/gen_async_readwrite.asyncfifo_rw/inst_fifo_gen/gaxi_full_lite.gwrite_ch.gwach2.axi_wach/grf.rf/gntv_or_sync_fifo.gl0.rd/gr1.gr1_int.rfwft/gpregsm1.user_valid_i_1__1 (pin mig_axi_interconnect/inst/axi_interconnect_inst/si_converter_bank/gen_conv_slot[1].clock_conv_inst/gen_async_readwrite.asyncfifo_rw/inst_fifo_gen/gaxi_full_lite.gwrite_ch.gwach2.axi_wach/grf.rf/gntv_or_sync_fifo.gl0.rd/gr1.gr1_int.rfwft/gpregsm1.user_valid_i_1__1/I1) is not included in the LUT equation: 'O6=(A1)+((~A1)*A2*A3*A5)+((~A1)*(~A2)*A5)'. If this cell is a user instantiated LUT in the design, please remove connectivity to the pin or change the equation and/or INIT string of the LUT to prevent this issue. If the cell is inferred or IP created LUT, please regenerate the IP and/or resynthesize the design to attempt to correct the issue.
WARNING: [DRC PDCN-1569] LUT equation term check: Used physical LUT pin 'A6' of cell mig_axi_interconnect/inst/axi_interconnect_inst/si_converter_bank/gen_conv_slot[2].clock_conv_inst/gen_async_readwrite.asyncfifo_rw/inst_fifo_gen/gaxi_full_lite.gread_ch.grdch2.axi_rdch/grf.rf/gntv_or_sync_fifo.gl0.rd/gr1.gr1_int.rfwft/gpregsm1.user_valid_i_1__0 (pin mig_axi_interconnect/inst/axi_interconnect_inst/si_converter_bank/gen_conv_slot[2].clock_conv_inst/gen_async_readwrite.asyncfifo_rw/inst_fifo_gen/gaxi_full_lite.gread_ch.grdch2.axi_rdch/grf.rf/gntv_or_sync_fifo.gl0.rd/gr1.gr1_int.rfwft/gpregsm1.user_valid_i_1__0/I1) is not included in the LUT equation: 'O6=(A3)+((~A3)*A5*A1*A2)+((~A3)*(~A5)*A2)'. If this cell is a user instantiated LUT in the design, please remove connectivity to the pin or change the equation and/or INIT string of the LUT to prevent this issue. If the cell is inferred or IP created LUT, please regenerate the IP and/or resynthesize the design to attempt to correct the issue.
WARNING: [DRC PDCN-1569] LUT equation term check: Used physical LUT pin 'A6' of cell mig_axi_interconnect/inst/axi_interconnect_inst/si_converter_bank/gen_conv_slot[2].clock_conv_inst/gen_async_readwrite.asyncfifo_rw/inst_fifo_gen/gaxi_full_lite.gwrite_ch.gwdch2.axi_wdch/grf.rf/gntv_or_sync_fifo.gl0.rd/gr1.gr1_int.rfwft/gpregsm1.user_valid_i_1__2 (pin mig_axi_interconnect/inst/axi_interconnect_inst/si_converter_bank/gen_conv_slot[2].clock_conv_inst/gen_async_readwrite.asyncfifo_rw/inst_fifo_gen/gaxi_full_lite.gwrite_ch.gwdch2.axi_wdch/grf.rf/gntv_or_sync_fifo.gl0.rd/gr1.gr1_int.rfwft/gpregsm1.user_valid_i_1__2/I1) is not included in the LUT equation: 'O6=(A3)+((~A3)*A5*A4*A2)+((~A3)*(~A5)*A2)'. If this cell is a user instantiated LUT in the design, please remove connectivity to the pin or change the equation and/or INIT string of the LUT to prevent this issue. If the cell is inferred or IP created LUT, please regenerate the IP and/or resynthesize the design to attempt to correct the issue.
WARNING: [DRC PDRC-61] SLICEM_5lutO5_C5: Dangling output pin O5 on site SLICE_X20Y130:C5LUT. For this programming the O5 output pin should have a signal.
WARNING: [DRC REQP-1709] Clock output buffering: PLLE2_ADV connectivity violation. The signal mig_axi/u_mig_axi_32_mig/u_ddr3_infrastructure/pll_clk3_out on the mig_axi/u_mig_axi_32_mig/u_ddr3_infrastructure/plle2_i/CLKOUT3 pin of mig_axi/u_mig_axi_32_mig/u_ddr3_infrastructure/plle2_i does not drive the same kind of BUFFER load as the other CLKOUT pins. Routing from the different buffer types will not be phase aligned.
WARNING: [DRC REQP-1839] RAMB36 async control check: The RAMB36E1 mig_axi_interconnect/inst/axi_interconnect_inst/mi_data_fifo_bank/gen_fifo_slot[0].data_fifo_inst/gen_fifo.fifo_gen_inst/inst_fifo_gen/gaxi_full_lite.gwrite_ch.gwdch2.axi_wdch/grf.rf/gntv_or_sync_fifo.mem/gbm.gbmg.gbmga.ngecc.bmg/inst_blk_mem_gen/gnbram.gnativebmg.native_blk_mem_gen/valid.cstr/ramloop[0].ram.r/prim_noinit.ram/DEVICE_7SERIES.NO_BMM_INFO.SDP.WIDE_PRIM36_NO_ECC.ram has an input control pin mig_axi_interconnect/inst/axi_interconnect_inst/mi_data_fifo_bank/gen_fifo_slot[0].data_fifo_inst/gen_fifo.fifo_gen_inst/inst_fifo_gen/gaxi_full_lite.gwrite_ch.gwdch2.axi_wdch/grf.rf/gntv_or_sync_fifo.mem/gbm.gbmg.gbmga.ngecc.bmg/inst_blk_mem_gen/gnbram.gnativebmg.native_blk_mem_gen/valid.cstr/ramloop[0].ram.r/prim_noinit.ram/DEVICE_7SERIES.NO_BMM_INFO.SDP.WIDE_PRIM36_NO_ECC.ram/ENBWREN (net: mig_axi_interconnect/inst/axi_interconnect_inst/mi_data_fifo_bank/gen_fifo_slot[0].data_fifo_inst/gen_fifo.fifo_gen_inst/inst_fifo_gen/gaxi_full_lite.gwrite_ch.gwdch2.axi_wdch/grf.rf/gntv_or_sync_fifo.mem/gbm.gbmg.gbmga.ngecc.bmg/inst_blk_mem_gen/gnbram.gnativebmg.native_blk_mem_gen/valid.cstr/ramloop[0].ram.r/prim_noinit.ram/ENA_I) which is driven by a register (mig_axi_interconnect/inst/axi_interconnect_inst/si_data_fifo_bank/gen_fifo_slot[0].data_fifo_inst/gen_fifo.fifo_gen_inst/inst_fifo_gen/gaxi_full_lite.gwrite_ch.gwdch2.axi_wdch/grf.rf/gntv_or_sync_fifo.gl0.rd/gr1.gr1_int.rfwft/empty_fwft_i_reg) that has an active asychronous set or reset. This may cause corruption of the memory contents and/or read values when the set/reset is asserted and is not analyzed by the default static timing analysis. It is suggested to eliminate the use of a set/reset to registers driving this RAMB pin or else use a synchronous reset in which the assertion of the reset is timed by default.
WARNING: [DRC REQP-1839] RAMB36 async control check: The RAMB36E1 mig_axi_interconnect/inst/axi_interconnect_inst/mi_data_fifo_bank/gen_fifo_slot[0].data_fifo_inst/gen_fifo.fifo_gen_inst/inst_fifo_gen/gaxi_full_lite.gwrite_ch.gwdch2.axi_wdch/grf.rf/gntv_or_sync_fifo.mem/gbm.gbmg.gbmga.ngecc.bmg/inst_blk_mem_gen/gnbram.gnativebmg.native_blk_mem_gen/valid.cstr/ramloop[0].ram.r/prim_noinit.ram/DEVICE_7SERIES.NO_BMM_INFO.SDP.WIDE_PRIM36_NO_ECC.ram has an input control pin mig_axi_interconnect/inst/axi_interconnect_inst/mi_data_fifo_bank/gen_fifo_slot[0].data_fifo_inst/gen_fifo.fifo_gen_inst/inst_fifo_gen/gaxi_full_lite.gwrite_ch.gwdch2.axi_wdch/grf.rf/gntv_or_sync_fifo.mem/gbm.gbmg.gbmga.ngecc.bmg/inst_blk_mem_gen/gnbram.gnativebmg.native_blk_mem_gen/valid.cstr/ramloop[0].ram.r/prim_noinit.ram/DEVICE_7SERIES.NO_BMM_INFO.SDP.WIDE_PRIM36_NO_ECC.ram/ENBWREN (net: mig_axi_interconnect/inst/axi_interconnect_inst/mi_data_fifo_bank/gen_fifo_slot[0].data_fifo_inst/gen_fifo.fifo_gen_inst/inst_fifo_gen/gaxi_full_lite.gwrite_ch.gwdch2.axi_wdch/grf.rf/gntv_or_sync_fifo.mem/gbm.gbmg.gbmga.ngecc.bmg/inst_blk_mem_gen/gnbram.gnativebmg.native_blk_mem_gen/valid.cstr/ramloop[0].ram.r/prim_noinit.ram/ENA_I) which is driven by a register (mig_axi_interconnect/inst/axi_interconnect_inst/si_data_fifo_bank/gen_fifo_slot[1].data_fifo_inst/gen_fifo.fifo_gen_inst/inst_fifo_gen/gaxi_full_lite.gwrite_ch.gwdch2.axi_wdch/grf.rf/gntv_or_sync_fifo.gl0.rd/gr1.gr1_int.rfwft/empty_fwft_i_reg) that has an active asychronous set or reset. This may cause corruption of the memory contents and/or read values when the set/reset is asserted and is not analyzed by the default static timing analysis. It is suggested to eliminate the use of a set/reset to registers driving this RAMB pin or else use a synchronous reset in which the assertion of the reset is timed by default.
WARNING: [DRC REQP-1839] RAMB36 async control check: The RAMB36E1 mig_axi_interconnect/inst/axi_interconnect_inst/mi_data_fifo_bank/gen_fifo_slot[0].data_fifo_inst/gen_fifo.fifo_gen_inst/inst_fifo_gen/gaxi_full_lite.gwrite_ch.gwdch2.axi_wdch/grf.rf/gntv_or_sync_fifo.mem/gbm.gbmg.gbmga.ngecc.bmg/inst_blk_mem_gen/gnbram.gnativebmg.native_blk_mem_gen/valid.cstr/ramloop[0].ram.r/prim_noinit.ram/DEVICE_7SERIES.NO_BMM_INFO.SDP.WIDE_PRIM36_NO_ECC.ram has an input control pin mig_axi_interconnect/inst/axi_interconnect_inst/mi_data_fifo_bank/gen_fifo_slot[0].data_fifo_inst/gen_fifo.fifo_gen_inst/inst_fifo_gen/gaxi_full_lite.gwrite_ch.gwdch2.axi_wdch/grf.rf/gntv_or_sync_fifo.mem/gbm.gbmg.gbmga.ngecc.bmg/inst_blk_mem_gen/gnbram.gnativebmg.native_blk_mem_gen/valid.cstr/ramloop[0].ram.r/prim_noinit.ram/DEVICE_7SERIES.NO_BMM_INFO.SDP.WIDE_PRIM36_NO_ECC.ram/ENBWREN (net: mig_axi_interconnect/inst/axi_interconnect_inst/mi_data_fifo_bank/gen_fifo_slot[0].data_fifo_inst/gen_fifo.fifo_gen_inst/inst_fifo_gen/gaxi_full_lite.gwrite_ch.gwdch2.axi_wdch/grf.rf/gntv_or_sync_fifo.mem/gbm.gbmg.gbmga.ngecc.bmg/inst_blk_mem_gen/gnbram.gnativebmg.native_blk_mem_gen/valid.cstr/ramloop[0].ram.r/prim_noinit.ram/ENA_I) which is driven by a register (mig_axi_interconnect/inst/axi_interconnect_inst/si_data_fifo_bank/gen_fifo_slot[2].data_fifo_inst/gen_fifo.fifo_gen_inst/inst_fifo_gen/gaxi_full_lite.gwrite_ch.gwdch2.axi_wdch/grf.rf/gntv_or_sync_fifo.gl0.rd/gr1.gr1_int.rfwft/empty_fwft_i_reg) that has an active asychronous set or reset. This may cause corruption of the memory contents and/or read values when the set/reset is asserted and is not analyzed by the default static timing analysis. It is suggested to eliminate the use of a set/reset to registers driving this RAMB pin or else use a synchronous reset in which the assertion of the reset is timed by default.
WARNING: [DRC REQP-1839] RAMB36 async control check: The RAMB36E1 mig_axi_interconnect/inst/axi_interconnect_inst/mi_data_fifo_bank/gen_fifo_slot[0].data_fifo_inst/gen_fifo.fifo_gen_inst/inst_fifo_gen/gaxi_full_lite.gwrite_ch.gwdch2.axi_wdch/grf.rf/gntv_or_sync_fifo.mem/gbm.gbmg.gbmga.ngecc.bmg/inst_blk_mem_gen/gnbram.gnativebmg.native_blk_mem_gen/valid.cstr/ramloop[0].ram.r/prim_noinit.ram/DEVICE_7SERIES.NO_BMM_INFO.SDP.WIDE_PRIM36_NO_ECC.ram has an input control pin mig_axi_interconnect/inst/axi_interconnect_inst/mi_data_fifo_bank/gen_fifo_slot[0].data_fifo_inst/gen_fifo.fifo_gen_inst/inst_fifo_gen/gaxi_full_lite.gwrite_ch.gwdch2.axi_wdch/grf.rf/gntv_or_sync_fifo.mem/gbm.gbmg.gbmga.ngecc.bmg/inst_blk_mem_gen/gnbram.gnativebmg.native_blk_mem_gen/valid.cstr/ramloop[0].ram.r/prim_noinit.ram/DEVICE_7SERIES.NO_BMM_INFO.SDP.WIDE_PRIM36_NO_ECC.ram/WEBWE[2] (net: mig_axi_interconnect/inst/axi_interconnect_inst/mi_data_fifo_bank/gen_fifo_slot[0].data_fifo_inst/gen_fifo.fifo_gen_inst/inst_fifo_gen/gaxi_full_lite.gwrite_ch.gwdch2.axi_wdch/grf.rf/gntv_or_sync_fifo.mem/gbm.gbmg.gbmga.ngecc.bmg/inst_blk_mem_gen/gnbram.gnativebmg.native_blk_mem_gen/valid.cstr/ramloop[0].ram.r/prim_noinit.ram/E[0]) which is driven by a register (mig_axi_interconnect/inst/axi_interconnect_inst/si_data_fifo_bank/gen_fifo_slot[0].data_fifo_inst/gen_fifo.fifo_gen_inst/inst_fifo_gen/gaxi_full_lite.gwrite_ch.gwdch2.axi_wdch/grf.rf/gntv_or_sync_fifo.gl0.rd/gr1.gr1_int.rfwft/empty_fwft_i_reg) that has an active asychronous set or reset. This may cause corruption of the memory contents and/or read values when the set/reset is asserted and is not analyzed by the default static timing analysis. It is suggested to eliminate the use of a set/reset to registers driving this RAMB pin or else use a synchronous reset in which the assertion of the reset is timed by default.
WARNING: [DRC REQP-1839] RAMB36 async control check: The RAMB36E1 mig_axi_interconnect/inst/axi_interconnect_inst/mi_data_fifo_bank/gen_fifo_slot[0].data_fifo_inst/gen_fifo.fifo_gen_inst/inst_fifo_gen/gaxi_full_lite.gwrite_ch.gwdch2.axi_wdch/grf.rf/gntv_or_sync_fifo.mem/gbm.gbmg.gbmga.ngecc.bmg/inst_blk_mem_gen/gnbram.gnativebmg.native_blk_mem_gen/valid.cstr/ramloop[0].ram.r/prim_noinit.ram/DEVICE_7SERIES.NO_BMM_INFO.SDP.WIDE_PRIM36_NO_ECC.ram has an input control pin mig_axi_interconnect/inst/axi_interconnect_inst/mi_data_fifo_bank/gen_fifo_slot[0].data_fifo_inst/gen_fifo.fifo_gen_inst/inst_fifo_gen/gaxi_full_lite.gwrite_ch.gwdch2.axi_wdch/grf.rf/gntv_or_sync_fifo.mem/gbm.gbmg.gbmga.ngecc.bmg/inst_blk_mem_gen/gnbram.gnativebmg.native_blk_mem_gen/valid.cstr/ramloop[0].ram.r/prim_noinit.ram/DEVICE_7SERIES.NO_BMM_INFO.SDP.WIDE_PRIM36_NO_ECC.ram/WEBWE[2] (net: mig_axi_interconnect/inst/axi_interconnect_inst/mi_data_fifo_bank/gen_fifo_slot[0].data_fifo_inst/gen_fifo.fifo_gen_inst/inst_fifo_gen/gaxi_full_lite.gwrite_ch.gwdch2.axi_wdch/grf.rf/gntv_or_sync_fifo.mem/gbm.gbmg.gbmga.ngecc.bmg/inst_blk_mem_gen/gnbram.gnativebmg.native_blk_mem_gen/valid.cstr/ramloop[0].ram.r/prim_noinit.ram/E[0]) which is driven by a register (mig_axi_interconnect/inst/axi_interconnect_inst/si_data_fifo_bank/gen_fifo_slot[1].data_fifo_inst/gen_fifo.fifo_gen_inst/inst_fifo_gen/gaxi_full_lite.gwrite_ch.gwdch2.axi_wdch/grf.rf/gntv_or_sync_fifo.gl0.rd/gr1.gr1_int.rfwft/empty_fwft_i_reg) that has an active asychronous set or reset. This may cause corruption of the memory contents and/or read values when the set/reset is asserted and is not analyzed by the default static timing analysis. It is suggested to eliminate the use of a set/reset to registers driving this RAMB pin or else use a synchronous reset in which the assertion of the reset is timed by default.
WARNING: [DRC REQP-1839] RAMB36 async control check: The RAMB36E1 mig_axi_interconnect/inst/axi_interconnect_inst/mi_data_fifo_bank/gen_fifo_slot[0].data_fifo_inst/gen_fifo.fifo_gen_inst/inst_fifo_gen/gaxi_full_lite.gwrite_ch.gwdch2.axi_wdch/grf.rf/gntv_or_sync_fifo.mem/gbm.gbmg.gbmga.ngecc.bmg/inst_blk_mem_gen/gnbram.gnativebmg.native_blk_mem_gen/valid.cstr/ramloop[0].ram.r/prim_noinit.ram/DEVICE_7SERIES.NO_BMM_INFO.SDP.WIDE_PRIM36_NO_ECC.ram has an input control pin mig_axi_interconnect/inst/axi_interconnect_inst/mi_data_fifo_bank/gen_fifo_slot[0].data_fifo_inst/gen_fifo.fifo_gen_inst/inst_fifo_gen/gaxi_full_lite.gwrite_ch.gwdch2.axi_wdch/grf.rf/gntv_or_sync_fifo.mem/gbm.gbmg.gbmga.ngecc.bmg/inst_blk_mem_gen/gnbram.gnativebmg.native_blk_mem_gen/valid.cstr/ramloop[0].ram.r/prim_noinit.ram/DEVICE_7SERIES.NO_BMM_INFO.SDP.WIDE_PRIM36_NO_ECC.ram/WEBWE[3] (net: mig_axi_interconnect/inst/axi_interconnect_inst/mi_data_fifo_bank/gen_fifo_slot[0].data_fifo_inst/gen_fifo.fifo_gen_inst/inst_fifo_gen/gaxi_full_lite.gwrite_ch.gwdch2.axi_wdch/grf.rf/gntv_or_sync_fifo.mem/gbm.gbmg.gbmga.ngecc.bmg/inst_blk_mem_gen/gnbram.gnativebmg.native_blk_mem_gen/valid.cstr/ramloop[0].ram.r/prim_noinit.ram/E[0]) which is driven by a register (mig_axi_interconnect/inst/axi_interconnect_inst/si_data_fifo_bank/gen_fifo_slot[0].data_fifo_inst/gen_fifo.fifo_gen_inst/inst_fifo_gen/gaxi_full_lite.gwrite_ch.gwdch2.axi_wdch/grf.rf/gntv_or_sync_fifo.gl0.rd/gr1.gr1_int.rfwft/empty_fwft_i_reg) that has an active asychronous set or reset. This may cause corruption of the memory contents and/or read values when the set/reset is asserted and is not analyzed by the default static timing analysis. It is suggested to eliminate the use of a set/reset to registers driving this RAMB pin or else use a synchronous reset in which the assertion of the reset is timed by default.
WARNING: [DRC REQP-1839] RAMB36 async control check: The RAMB36E1 mig_axi_interconnect/inst/axi_interconnect_inst/mi_data_fifo_bank/gen_fifo_slot[0].data_fifo_inst/gen_fifo.fifo_gen_inst/inst_fifo_gen/gaxi_full_lite.gwrite_ch.gwdch2.axi_wdch/grf.rf/gntv_or_sync_fifo.mem/gbm.gbmg.gbmga.ngecc.bmg/inst_blk_mem_gen/gnbram.gnativebmg.native_blk_mem_gen/valid.cstr/ramloop[0].ram.r/prim_noinit.ram/DEVICE_7SERIES.NO_BMM_INFO.SDP.WIDE_PRIM36_NO_ECC.ram has an input control pin mig_axi_interconnect/inst/axi_interconnect_inst/mi_data_fifo_bank/gen_fifo_slot[0].data_fifo_inst/gen_fifo.fifo_gen_inst/inst_fifo_gen/gaxi_full_lite.gwrite_ch.gwdch2.axi_wdch/grf.rf/gntv_or_sync_fifo.mem/gbm.gbmg.gbmga.ngecc.bmg/inst_blk_mem_gen/gnbram.gnativebmg.native_blk_mem_gen/valid.cstr/ramloop[0].ram.r/prim_noinit.ram/DEVICE_7SERIES.NO_BMM_INFO.SDP.WIDE_PRIM36_NO_ECC.ram/WEBWE[3] (net: mig_axi_interconnect/inst/axi_interconnect_inst/mi_data_fifo_bank/gen_fifo_slot[0].data_fifo_inst/gen_fifo.fifo_gen_inst/inst_fifo_gen/gaxi_full_lite.gwrite_ch.gwdch2.axi_wdch/grf.rf/gntv_or_sync_fifo.mem/gbm.gbmg.gbmga.ngecc.bmg/inst_blk_mem_gen/gnbram.gnativebmg.native_blk_mem_gen/valid.cstr/ramloop[0].ram.r/prim_noinit.ram/E[0]) which is driven by a register (mig_axi_interconnect/inst/axi_interconnect_inst/si_data_fifo_bank/gen_fifo_slot[1].data_fifo_inst/gen_fifo.fifo_gen_inst/inst_fifo_gen/gaxi_full_lite.gwrite_ch.gwdch2.axi_wdch/grf.rf/gntv_or_sync_fifo.gl0.rd/gr1.gr1_int.rfwft/empty_fwft_i_reg) that has an active asychronous set or reset. This may cause corruption of the memory contents and/or read values when the set/reset is asserted and is not analyzed by the default static timing analysis. It is suggested to eliminate the use of a set/reset to registers driving this RAMB pin or else use a synchronous reset in which the assertion of the reset is timed by default.
WARNING: [DRC REQP-1839] RAMB36 async control check: The RAMB36E1 mig_axi_interconnect/inst/axi_interconnect_inst/mi_data_fifo_bank/gen_fifo_slot[0].data_fifo_inst/gen_fifo.fifo_gen_inst/inst_fifo_gen/gaxi_full_lite.gwrite_ch.gwdch2.axi_wdch/grf.rf/gntv_or_sync_fifo.mem/gbm.gbmg.gbmga.ngecc.bmg/inst_blk_mem_gen/gnbram.gnativebmg.native_blk_mem_gen/valid.cstr/ramloop[0].ram.r/prim_noinit.ram/DEVICE_7SERIES.NO_BMM_INFO.SDP.WIDE_PRIM36_NO_ECC.ram has an input control pin mig_axi_interconnect/inst/axi_interconnect_inst/mi_data_fifo_bank/gen_fifo_slot[0].data_fifo_inst/gen_fifo.fifo_gen_inst/inst_fifo_gen/gaxi_full_lite.gwrite_ch.gwdch2.axi_wdch/grf.rf/gntv_or_sync_fifo.mem/gbm.gbmg.gbmga.ngecc.bmg/inst_blk_mem_gen/gnbram.gnativebmg.native_blk_mem_gen/valid.cstr/ramloop[0].ram.r/prim_noinit.ram/DEVICE_7SERIES.NO_BMM_INFO.SDP.WIDE_PRIM36_NO_ECC.ram/WEBWE[3] (net: mig_axi_interconnect/inst/axi_interconnect_inst/mi_data_fifo_bank/gen_fifo_slot[0].data_fifo_inst/gen_fifo.fifo_gen_inst/inst_fifo_gen/gaxi_full_lite.gwrite_ch.gwdch2.axi_wdch/grf.rf/gntv_or_sync_fifo.mem/gbm.gbmg.gbmga.ngecc.bmg/inst_blk_mem_gen/gnbram.gnativebmg.native_blk_mem_gen/valid.cstr/ramloop[0].ram.r/prim_noinit.ram/E[0]) which is driven by a register (mig_axi_interconnect/inst/axi_interconnect_inst/si_data_fifo_bank/gen_fifo_slot[2].data_fifo_inst/gen_fifo.fifo_gen_inst/inst_fifo_gen/gaxi_full_lite.gwrite_ch.gwdch2.axi_wdch/grf.rf/gntv_or_sync_fifo.gl0.rd/gr1.gr1_int.rfwft/empty_fwft_i_reg) that has an active asychronous set or reset. This may cause corruption of the memory contents and/or read values when the set/reset is asserted and is not analyzed by the default static timing analysis. It is suggested to eliminate the use of a set/reset to registers driving this RAMB pin or else use a synchronous reset in which the assertion of the reset is timed by default.
WARNING: [DRC REQP-1839] RAMB36 async control check: The RAMB36E1 mig_axi_interconnect/inst/axi_interconnect_inst/mi_data_fifo_bank/gen_fifo_slot[0].data_fifo_inst/gen_fifo.fifo_gen_inst/inst_fifo_gen/gaxi_full_lite.gwrite_ch.gwdch2.axi_wdch/grf.rf/gntv_or_sync_fifo.mem/gbm.gbmg.gbmga.ngecc.bmg/inst_blk_mem_gen/gnbram.gnativebmg.native_blk_mem_gen/valid.cstr/ramloop[0].ram.r/prim_noinit.ram/DEVICE_7SERIES.NO_BMM_INFO.SDP.WIDE_PRIM36_NO_ECC.ram has an input control pin mig_axi_interconnect/inst/axi_interconnect_inst/mi_data_fifo_bank/gen_fifo_slot[0].data_fifo_inst/gen_fifo.fifo_gen_inst/inst_fifo_gen/gaxi_full_lite.gwrite_ch.gwdch2.axi_wdch/grf.rf/gntv_or_sync_fifo.mem/gbm.gbmg.gbmga.ngecc.bmg/inst_blk_mem_gen/gnbram.gnativebmg.native_blk_mem_gen/valid.cstr/ramloop[0].ram.r/prim_noinit.ram/DEVICE_7SERIES.NO_BMM_INFO.SDP.WIDE_PRIM36_NO_ECC.ram/WEBWE[4] (net: mig_axi_interconnect/inst/axi_interconnect_inst/mi_data_fifo_bank/gen_fifo_slot[0].data_fifo_inst/gen_fifo.fifo_gen_inst/inst_fifo_gen/gaxi_full_lite.gwrite_ch.gwdch2.axi_wdch/grf.rf/gntv_or_sync_fifo.mem/gbm.gbmg.gbmga.ngecc.bmg/inst_blk_mem_gen/gnbram.gnativebmg.native_blk_mem_gen/valid.cstr/ramloop[0].ram.r/prim_noinit.ram/E[0]) which is driven by a register (mig_axi_interconnect/inst/axi_interconnect_inst/si_data_fifo_bank/gen_fifo_slot[0].data_fifo_inst/gen_fifo.fifo_gen_inst/inst_fifo_gen/gaxi_full_lite.gwrite_ch.gwdch2.axi_wdch/grf.rf/gntv_or_sync_fifo.gl0.rd/gr1.gr1_int.rfwft/empty_fwft_i_reg) that has an active asychronous set or reset. This may cause corruption of the memory contents and/or read values when the set/reset is asserted and is not analyzed by the default static timing analysis. It is suggested to eliminate the use of a set/reset to registers driving this RAMB pin or else use a synchronous reset in which the assertion of the reset is timed by default.
WARNING: [DRC REQP-1839] RAMB36 async control check: The RAMB36E1 mig_axi_interconnect/inst/axi_interconnect_inst/mi_data_fifo_bank/gen_fifo_slot[0].data_fifo_inst/gen_fifo.fifo_gen_inst/inst_fifo_gen/gaxi_full_lite.gwrite_ch.gwdch2.axi_wdch/grf.rf/gntv_or_sync_fifo.mem/gbm.gbmg.gbmga.ngecc.bmg/inst_blk_mem_gen/gnbram.gnativebmg.native_blk_mem_gen/valid.cstr/ramloop[0].ram.r/prim_noinit.ram/DEVICE_7SERIES.NO_BMM_INFO.SDP.WIDE_PRIM36_NO_ECC.ram has an input control pin mig_axi_interconnect/inst/axi_interconnect_inst/mi_data_fifo_bank/gen_fifo_slot[0].data_fifo_inst/gen_fifo.fifo_gen_inst/inst_fifo_gen/gaxi_full_lite.gwrite_ch.gwdch2.axi_wdch/grf.rf/gntv_or_sync_fifo.mem/gbm.gbmg.gbmga.ngecc.bmg/inst_blk_mem_gen/gnbram.gnativebmg.native_blk_mem_gen/valid.cstr/ramloop[0].ram.r/prim_noinit.ram/DEVICE_7SERIES.NO_BMM_INFO.SDP.WIDE_PRIM36_NO_ECC.ram/WEBWE[4] (net: mig_axi_interconnect/inst/axi_interconnect_inst/mi_data_fifo_bank/gen_fifo_slot[0].data_fifo_inst/gen_fifo.fifo_gen_inst/inst_fifo_gen/gaxi_full_lite.gwrite_ch.gwdch2.axi_wdch/grf.rf/gntv_or_sync_fifo.mem/gbm.gbmg.gbmga.ngecc.bmg/inst_blk_mem_gen/gnbram.gnativebmg.native_blk_mem_gen/valid.cstr/ramloop[0].ram.r/prim_noinit.ram/E[0]) which is driven by a register (mig_axi_interconnect/inst/axi_interconnect_inst/si_data_fifo_bank/gen_fifo_slot[1].data_fifo_inst/gen_fifo.fifo_gen_inst/inst_fifo_gen/gaxi_full_lite.gwrite_ch.gwdch2.axi_wdch/grf.rf/gntv_or_sync_fifo.gl0.rd/gr1.gr1_int.rfwft/empty_fwft_i_reg) that has an active asychronous set or reset. This may cause corruption of the memory contents and/or read values when the set/reset is asserted and is not analyzed by the default static timing analysis. It is suggested to eliminate the use of a set/reset to registers driving this RAMB pin or else use a synchronous reset in which the assertion of the reset is timed by default.
WARNING: [DRC REQP-1839] RAMB36 async control check: The RAMB36E1 mig_axi_interconnect/inst/axi_interconnect_inst/mi_data_fifo_bank/gen_fifo_slot[0].data_fifo_inst/gen_fifo.fifo_gen_inst/inst_fifo_gen/gaxi_full_lite.gwrite_ch.gwdch2.axi_wdch/grf.rf/gntv_or_sync_fifo.mem/gbm.gbmg.gbmga.ngecc.bmg/inst_blk_mem_gen/gnbram.gnativebmg.native_blk_mem_gen/valid.cstr/ramloop[0].ram.r/prim_noinit.ram/DEVICE_7SERIES.NO_BMM_INFO.SDP.WIDE_PRIM36_NO_ECC.ram has an input control pin mig_axi_interconnect/inst/axi_interconnect_inst/mi_data_fifo_bank/gen_fifo_slot[0].data_fifo_inst/gen_fifo.fifo_gen_inst/inst_fifo_gen/gaxi_full_lite.gwrite_ch.gwdch2.axi_wdch/grf.rf/gntv_or_sync_fifo.mem/gbm.gbmg.gbmga.ngecc.bmg/inst_blk_mem_gen/gnbram.gnativebmg.native_blk_mem_gen/valid.cstr/ramloop[0].ram.r/prim_noinit.ram/DEVICE_7SERIES.NO_BMM_INFO.SDP.WIDE_PRIM36_NO_ECC.ram/WEBWE[4] (net: mig_axi_interconnect/inst/axi_interconnect_inst/mi_data_fifo_bank/gen_fifo_slot[0].data_fifo_inst/gen_fifo.fifo_gen_inst/inst_fifo_gen/gaxi_full_lite.gwrite_ch.gwdch2.axi_wdch/grf.rf/gntv_or_sync_fifo.mem/gbm.gbmg.gbmga.ngecc.bmg/inst_blk_mem_gen/gnbram.gnativebmg.native_blk_mem_gen/valid.cstr/ramloop[0].ram.r/prim_noinit.ram/E[0]) which is driven by a register (mig_axi_interconnect/inst/axi_interconnect_inst/si_data_fifo_bank/gen_fifo_slot[2].data_fifo_inst/gen_fifo.fifo_gen_inst/inst_fifo_gen/gaxi_full_lite.gwrite_ch.gwdch2.axi_wdch/grf.rf/gntv_or_sync_fifo.gl0.rd/gr1.gr1_int.rfwft/empty_fwft_i_reg) that has an active asychronous set or reset. This may cause corruption of the memory contents and/or read values when the set/reset is asserted and is not analyzed by the default static timing analysis. It is suggested to eliminate the use of a set/reset to registers driving this RAMB pin or else use a synchronous reset in which the assertion of the reset is timed by default.
WARNING: [DRC REQP-1839] RAMB36 async control check: The RAMB36E1 mig_axi_interconnect/inst/axi_interconnect_inst/mi_data_fifo_bank/gen_fifo_slot[0].data_fifo_inst/gen_fifo.fifo_gen_inst/inst_fifo_gen/gaxi_full_lite.gwrite_ch.gwdch2.axi_wdch/grf.rf/gntv_or_sync_fifo.mem/gbm.gbmg.gbmga.ngecc.bmg/inst_blk_mem_gen/gnbram.gnativebmg.native_blk_mem_gen/valid.cstr/ramloop[0].ram.r/prim_noinit.ram/DEVICE_7SERIES.NO_BMM_INFO.SDP.WIDE_PRIM36_NO_ECC.ram has an input control pin mig_axi_interconnect/inst/axi_interconnect_inst/mi_data_fifo_bank/gen_fifo_slot[0].data_fifo_inst/gen_fifo.fifo_gen_inst/inst_fifo_gen/gaxi_full_lite.gwrite_ch.gwdch2.axi_wdch/grf.rf/gntv_or_sync_fifo.mem/gbm.gbmg.gbmga.ngecc.bmg/inst_blk_mem_gen/gnbram.gnativebmg.native_blk_mem_gen/valid.cstr/ramloop[0].ram.r/prim_noinit.ram/DEVICE_7SERIES.NO_BMM_INFO.SDP.WIDE_PRIM36_NO_ECC.ram/WEBWE[5] (net: mig_axi_interconnect/inst/axi_interconnect_inst/mi_data_fifo_bank/gen_fifo_slot[0].data_fifo_inst/gen_fifo.fifo_gen_inst/inst_fifo_gen/gaxi_full_lite.gwrite_ch.gwdch2.axi_wdch/grf.rf/gntv_or_sync_fifo.mem/gbm.gbmg.gbmga.ngecc.bmg/inst_blk_mem_gen/gnbram.gnativebmg.native_blk_mem_gen/valid.cstr/ramloop[0].ram.r/prim_noinit.ram/E[0]) which is driven by a register (mig_axi_interconnect/inst/axi_interconnect_inst/si_data_fifo_bank/gen_fifo_slot[0].data_fifo_inst/gen_fifo.fifo_gen_inst/inst_fifo_gen/gaxi_full_lite.gwrite_ch.gwdch2.axi_wdch/grf.rf/gntv_or_sync_fifo.gl0.rd/gr1.gr1_int.rfwft/empty_fwft_i_reg) that has an active asychronous set or reset. This may cause corruption of the memory contents and/or read values when the set/reset is asserted and is not analyzed by the default static timing analysis. It is suggested to eliminate the use of a set/reset to registers driving this RAMB pin or else use a synchronous reset in which the assertion of the reset is timed by default.
WARNING: [DRC REQP-1839] RAMB36 async control check: The RAMB36E1 mig_axi_interconnect/inst/axi_interconnect_inst/mi_data_fifo_bank/gen_fifo_slot[0].data_fifo_inst/gen_fifo.fifo_gen_inst/inst_fifo_gen/gaxi_full_lite.gwrite_ch.gwdch2.axi_wdch/grf.rf/gntv_or_sync_fifo.mem/gbm.gbmg.gbmga.ngecc.bmg/inst_blk_mem_gen/gnbram.gnativebmg.native_blk_mem_gen/valid.cstr/ramloop[0].ram.r/prim_noinit.ram/DEVICE_7SERIES.NO_BMM_INFO.SDP.WIDE_PRIM36_NO_ECC.ram has an input control pin mig_axi_interconnect/inst/axi_interconnect_inst/mi_data_fifo_bank/gen_fifo_slot[0].data_fifo_inst/gen_fifo.fifo_gen_inst/inst_fifo_gen/gaxi_full_lite.gwrite_ch.gwdch2.axi_wdch/grf.rf/gntv_or_sync_fifo.mem/gbm.gbmg.gbmga.ngecc.bmg/inst_blk_mem_gen/gnbram.gnativebmg.native_blk_mem_gen/valid.cstr/ramloop[0].ram.r/prim_noinit.ram/DEVICE_7SERIES.NO_BMM_INFO.SDP.WIDE_PRIM36_NO_ECC.ram/WEBWE[5] (net: mig_axi_interconnect/inst/axi_interconnect_inst/mi_data_fifo_bank/gen_fifo_slot[0].data_fifo_inst/gen_fifo.fifo_gen_inst/inst_fifo_gen/gaxi_full_lite.gwrite_ch.gwdch2.axi_wdch/grf.rf/gntv_or_sync_fifo.mem/gbm.gbmg.gbmga.ngecc.bmg/inst_blk_mem_gen/gnbram.gnativebmg.native_blk_mem_gen/valid.cstr/ramloop[0].ram.r/prim_noinit.ram/E[0]) which is driven by a register (mig_axi_interconnect/inst/axi_interconnect_inst/si_data_fifo_bank/gen_fifo_slot[1].data_fifo_inst/gen_fifo.fifo_gen_inst/inst_fifo_gen/gaxi_full_lite.gwrite_ch.gwdch2.axi_wdch/grf.rf/gntv_or_sync_fifo.gl0.rd/gr1.gr1_int.rfwft/empty_fwft_i_reg) that has an active asychronous set or reset. This may cause corruption of the memory contents and/or read values when the set/reset is asserted and is not analyzed by the default static timing analysis. It is suggested to eliminate the use of a set/reset to registers driving this RAMB pin or else use a synchronous reset in which the assertion of the reset is timed by default.
WARNING: [DRC REQP-1839] RAMB36 async control check: The RAMB36E1 mig_axi_interconnect/inst/axi_interconnect_inst/mi_data_fifo_bank/gen_fifo_slot[0].data_fifo_inst/gen_fifo.fifo_gen_inst/inst_fifo_gen/gaxi_full_lite.gwrite_ch.gwdch2.axi_wdch/grf.rf/gntv_or_sync_fifo.mem/gbm.gbmg.gbmga.ngecc.bmg/inst_blk_mem_gen/gnbram.gnativebmg.native_blk_mem_gen/valid.cstr/ramloop[0].ram.r/prim_noinit.ram/DEVICE_7SERIES.NO_BMM_INFO.SDP.WIDE_PRIM36_NO_ECC.ram has an input control pin mig_axi_interconnect/inst/axi_interconnect_inst/mi_data_fifo_bank/gen_fifo_slot[0].data_fifo_inst/gen_fifo.fifo_gen_inst/inst_fifo_gen/gaxi_full_lite.gwrite_ch.gwdch2.axi_wdch/grf.rf/gntv_or_sync_fifo.mem/gbm.gbmg.gbmga.ngecc.bmg/inst_blk_mem_gen/gnbram.gnativebmg.native_blk_mem_gen/valid.cstr/ramloop[0].ram.r/prim_noinit.ram/DEVICE_7SERIES.NO_BMM_INFO.SDP.WIDE_PRIM36_NO_ECC.ram/WEBWE[5] (net: mig_axi_interconnect/inst/axi_interconnect_inst/mi_data_fifo_bank/gen_fifo_slot[0].data_fifo_inst/gen_fifo.fifo_gen_inst/inst_fifo_gen/gaxi_full_lite.gwrite_ch.gwdch2.axi_wdch/grf.rf/gntv_or_sync_fifo.mem/gbm.gbmg.gbmga.ngecc.bmg/inst_blk_mem_gen/gnbram.gnativebmg.native_blk_mem_gen/valid.cstr/ramloop[0].ram.r/prim_noinit.ram/E[0]) which is driven by a register (mig_axi_interconnect/inst/axi_interconnect_inst/si_data_fifo_bank/gen_fifo_slot[2].data_fifo_inst/gen_fifo.fifo_gen_inst/inst_fifo_gen/gaxi_full_lite.gwrite_ch.gwdch2.axi_wdch/grf.rf/gntv_or_sync_fifo.gl0.rd/gr1.gr1_int.rfwft/empty_fwft_i_reg) that has an active asychronous set or reset. This may cause corruption of the memory contents and/or read values when the set/reset is asserted and is not analyzed by the default static timing analysis. It is suggested to eliminate the use of a set/reset to registers driving this RAMB pin or else use a synchronous reset in which the assertion of the reset is timed by default.
WARNING: [DRC REQP-1839] RAMB36 async control check: The RAMB36E1 mig_axi_interconnect/inst/axi_interconnect_inst/mi_data_fifo_bank/gen_fifo_slot[0].data_fifo_inst/gen_fifo.fifo_gen_inst/inst_fifo_gen/gaxi_full_lite.gwrite_ch.gwdch2.axi_wdch/grf.rf/gntv_or_sync_fifo.mem/gbm.gbmg.gbmga.ngecc.bmg/inst_blk_mem_gen/gnbram.gnativebmg.native_blk_mem_gen/valid.cstr/ramloop[0].ram.r/prim_noinit.ram/DEVICE_7SERIES.NO_BMM_INFO.SDP.WIDE_PRIM36_NO_ECC.ram has an input control pin mig_axi_interconnect/inst/axi_interconnect_inst/mi_data_fifo_bank/gen_fifo_slot[0].data_fifo_inst/gen_fifo.fifo_gen_inst/inst_fifo_gen/gaxi_full_lite.gwrite_ch.gwdch2.axi_wdch/grf.rf/gntv_or_sync_fifo.mem/gbm.gbmg.gbmga.ngecc.bmg/inst_blk_mem_gen/gnbram.gnativebmg.native_blk_mem_gen/valid.cstr/ramloop[0].ram.r/prim_noinit.ram/DEVICE_7SERIES.NO_BMM_INFO.SDP.WIDE_PRIM36_NO_ECC.ram/WEBWE[6] (net: mig_axi_interconnect/inst/axi_interconnect_inst/mi_data_fifo_bank/gen_fifo_slot[0].data_fifo_inst/gen_fifo.fifo_gen_inst/inst_fifo_gen/gaxi_full_lite.gwrite_ch.gwdch2.axi_wdch/grf.rf/gntv_or_sync_fifo.mem/gbm.gbmg.gbmga.ngecc.bmg/inst_blk_mem_gen/gnbram.gnativebmg.native_blk_mem_gen/valid.cstr/ramloop[0].ram.r/prim_noinit.ram/E[0]) which is driven by a register (mig_axi_interconnect/inst/axi_interconnect_inst/si_data_fifo_bank/gen_fifo_slot[0].data_fifo_inst/gen_fifo.fifo_gen_inst/inst_fifo_gen/gaxi_full_lite.gwrite_ch.gwdch2.axi_wdch/grf.rf/gntv_or_sync_fifo.gl0.rd/gr1.gr1_int.rfwft/empty_fwft_i_reg) that has an active asychronous set or reset. This may cause corruption of the memory contents and/or read values when the set/reset is asserted and is not analyzed by the default static timing analysis. It is suggested to eliminate the use of a set/reset to registers driving this RAMB pin or else use a synchronous reset in which the assertion of the reset is timed by default.
WARNING: [DRC REQP-1839] RAMB36 async control check: The RAMB36E1 mig_axi_interconnect/inst/axi_interconnect_inst/mi_data_fifo_bank/gen_fifo_slot[0].data_fifo_inst/gen_fifo.fifo_gen_inst/inst_fifo_gen/gaxi_full_lite.gwrite_ch.gwdch2.axi_wdch/grf.rf/gntv_or_sync_fifo.mem/gbm.gbmg.gbmga.ngecc.bmg/inst_blk_mem_gen/gnbram.gnativebmg.native_blk_mem_gen/valid.cstr/ramloop[0].ram.r/prim_noinit.ram/DEVICE_7SERIES.NO_BMM_INFO.SDP.WIDE_PRIM36_NO_ECC.ram has an input control pin mig_axi_interconnect/inst/axi_interconnect_inst/mi_data_fifo_bank/gen_fifo_slot[0].data_fifo_inst/gen_fifo.fifo_gen_inst/inst_fifo_gen/gaxi_full_lite.gwrite_ch.gwdch2.axi_wdch/grf.rf/gntv_or_sync_fifo.mem/gbm.gbmg.gbmga.ngecc.bmg/inst_blk_mem_gen/gnbram.gnativebmg.native_blk_mem_gen/valid.cstr/ramloop[0].ram.r/prim_noinit.ram/DEVICE_7SERIES.NO_BMM_INFO.SDP.WIDE_PRIM36_NO_ECC.ram/WEBWE[6] (net: mig_axi_interconnect/inst/axi_interconnect_inst/mi_data_fifo_bank/gen_fifo_slot[0].data_fifo_inst/gen_fifo.fifo_gen_inst/inst_fifo_gen/gaxi_full_lite.gwrite_ch.gwdch2.axi_wdch/grf.rf/gntv_or_sync_fifo.mem/gbm.gbmg.gbmga.ngecc.bmg/inst_blk_mem_gen/gnbram.gnativebmg.native_blk_mem_gen/valid.cstr/ramloop[0].ram.r/prim_noinit.ram/E[0]) which is driven by a register (mig_axi_interconnect/inst/axi_interconnect_inst/si_data_fifo_bank/gen_fifo_slot[1].data_fifo_inst/gen_fifo.fifo_gen_inst/inst_fifo_gen/gaxi_full_lite.gwrite_ch.gwdch2.axi_wdch/grf.rf/gntv_or_sync_fifo.gl0.rd/gr1.gr1_int.rfwft/empty_fwft_i_reg) that has an active asychronous set or reset. This may cause corruption of the memory contents and/or read values when the set/reset is asserted and is not analyzed by the default static timing analysis. It is suggested to eliminate the use of a set/reset to registers driving this RAMB pin or else use a synchronous reset in which the assertion of the reset is timed by default.
WARNING: [DRC REQP-1839] RAMB36 async control check: The RAMB36E1 mig_axi_interconnect/inst/axi_interconnect_inst/mi_data_fifo_bank/gen_fifo_slot[0].data_fifo_inst/gen_fifo.fifo_gen_inst/inst_fifo_gen/gaxi_full_lite.gwrite_ch.gwdch2.axi_wdch/grf.rf/gntv_or_sync_fifo.mem/gbm.gbmg.gbmga.ngecc.bmg/inst_blk_mem_gen/gnbram.gnativebmg.native_blk_mem_gen/valid.cstr/ramloop[0].ram.r/prim_noinit.ram/DEVICE_7SERIES.NO_BMM_INFO.SDP.WIDE_PRIM36_NO_ECC.ram has an input control pin mig_axi_interconnect/inst/axi_interconnect_inst/mi_data_fifo_bank/gen_fifo_slot[0].data_fifo_inst/gen_fifo.fifo_gen_inst/inst_fifo_gen/gaxi_full_lite.gwrite_ch.gwdch2.axi_wdch/grf.rf/gntv_or_sync_fifo.mem/gbm.gbmg.gbmga.ngecc.bmg/inst_blk_mem_gen/gnbram.gnativebmg.native_blk_mem_gen/valid.cstr/ramloop[0].ram.r/prim_noinit.ram/DEVICE_7SERIES.NO_BMM_INFO.SDP.WIDE_PRIM36_NO_ECC.ram/WEBWE[6] (net: mig_axi_interconnect/inst/axi_interconnect_inst/mi_data_fifo_bank/gen_fifo_slot[0].data_fifo_inst/gen_fifo.fifo_gen_inst/inst_fifo_gen/gaxi_full_lite.gwrite_ch.gwdch2.axi_wdch/grf.rf/gntv_or_sync_fifo.mem/gbm.gbmg.gbmga.ngecc.bmg/inst_blk_mem_gen/gnbram.gnativebmg.native_blk_mem_gen/valid.cstr/ramloop[0].ram.r/prim_noinit.ram/E[0]) which is driven by a register (mig_axi_interconnect/inst/axi_interconnect_inst/si_data_fifo_bank/gen_fifo_slot[2].data_fifo_inst/gen_fifo.fifo_gen_inst/inst_fifo_gen/gaxi_full_lite.gwrite_ch.gwdch2.axi_wdch/grf.rf/gntv_or_sync_fifo.gl0.rd/gr1.gr1_int.rfwft/empty_fwft_i_reg) that has an active asychronous set or reset. This may cause corruption of the memory contents and/or read values when the set/reset is asserted and is not analyzed by the default static timing analysis. It is suggested to eliminate the use of a set/reset to registers driving this RAMB pin or else use a synchronous reset in which the assertion of the reset is timed by default.
WARNING: [DRC REQP-1839] RAMB36 async control check: The RAMB36E1 mig_axi_interconnect/inst/axi_interconnect_inst/mi_data_fifo_bank/gen_fifo_slot[0].data_fifo_inst/gen_fifo.fifo_gen_inst/inst_fifo_gen/gaxi_full_lite.gwrite_ch.gwdch2.axi_wdch/grf.rf/gntv_or_sync_fifo.mem/gbm.gbmg.gbmga.ngecc.bmg/inst_blk_mem_gen/gnbram.gnativebmg.native_blk_mem_gen/valid.cstr/ramloop[0].ram.r/prim_noinit.ram/DEVICE_7SERIES.NO_BMM_INFO.SDP.WIDE_PRIM36_NO_ECC.ram has an input control pin mig_axi_interconnect/inst/axi_interconnect_inst/mi_data_fifo_bank/gen_fifo_slot[0].data_fifo_inst/gen_fifo.fifo_gen_inst/inst_fifo_gen/gaxi_full_lite.gwrite_ch.gwdch2.axi_wdch/grf.rf/gntv_or_sync_fifo.mem/gbm.gbmg.gbmga.ngecc.bmg/inst_blk_mem_gen/gnbram.gnativebmg.native_blk_mem_gen/valid.cstr/ramloop[0].ram.r/prim_noinit.ram/DEVICE_7SERIES.NO_BMM_INFO.SDP.WIDE_PRIM36_NO_ECC.ram/WEBWE[7] (net: mig_axi_interconnect/inst/axi_interconnect_inst/mi_data_fifo_bank/gen_fifo_slot[0].data_fifo_inst/gen_fifo.fifo_gen_inst/inst_fifo_gen/gaxi_full_lite.gwrite_ch.gwdch2.axi_wdch/grf.rf/gntv_or_sync_fifo.mem/gbm.gbmg.gbmga.ngecc.bmg/inst_blk_mem_gen/gnbram.gnativebmg.native_blk_mem_gen/valid.cstr/ramloop[0].ram.r/prim_noinit.ram/E[0]) which is driven by a register (mig_axi_interconnect/inst/axi_interconnect_inst/si_data_fifo_bank/gen_fifo_slot[0].data_fifo_inst/gen_fifo.fifo_gen_inst/inst_fifo_gen/gaxi_full_lite.gwrite_ch.gwdch2.axi_wdch/grf.rf/gntv_or_sync_fifo.gl0.rd/gr1.gr1_int.rfwft/empty_fwft_i_reg) that has an active asychronous set or reset. This may cause corruption of the memory contents and/or read values when the set/reset is asserted and is not analyzed by the default static timing analysis. It is suggested to eliminate the use of a set/reset to registers driving this RAMB pin or else use a synchronous reset in which the assertion of the reset is timed by default.
WARNING: [DRC REQP-1839] RAMB36 async control check: The RAMB36E1 mig_axi_interconnect/inst/axi_interconnect_inst/mi_data_fifo_bank/gen_fifo_slot[0].data_fifo_inst/gen_fifo.fifo_gen_inst/inst_fifo_gen/gaxi_full_lite.gwrite_ch.gwdch2.axi_wdch/grf.rf/gntv_or_sync_fifo.mem/gbm.gbmg.gbmga.ngecc.bmg/inst_blk_mem_gen/gnbram.gnativebmg.native_blk_mem_gen/valid.cstr/ramloop[0].ram.r/prim_noinit.ram/DEVICE_7SERIES.NO_BMM_INFO.SDP.WIDE_PRIM36_NO_ECC.ram has an input control pin mig_axi_interconnect/inst/axi_interconnect_inst/mi_data_fifo_bank/gen_fifo_slot[0].data_fifo_inst/gen_fifo.fifo_gen_inst/inst_fifo_gen/gaxi_full_lite.gwrite_ch.gwdch2.axi_wdch/grf.rf/gntv_or_sync_fifo.mem/gbm.gbmg.gbmga.ngecc.bmg/inst_blk_mem_gen/gnbram.gnativebmg.native_blk_mem_gen/valid.cstr/ramloop[0].ram.r/prim_noinit.ram/DEVICE_7SERIES.NO_BMM_INFO.SDP.WIDE_PRIM36_NO_ECC.ram/WEBWE[7] (net: mig_axi_interconnect/inst/axi_interconnect_inst/mi_data_fifo_bank/gen_fifo_slot[0].data_fifo_inst/gen_fifo.fifo_gen_inst/inst_fifo_gen/gaxi_full_lite.gwrite_ch.gwdch2.axi_wdch/grf.rf/gntv_or_sync_fifo.mem/gbm.gbmg.gbmga.ngecc.bmg/inst_blk_mem_gen/gnbram.gnativebmg.native_blk_mem_gen/valid.cstr/ramloop[0].ram.r/prim_noinit.ram/E[0]) which is driven by a register (mig_axi_interconnect/inst/axi_interconnect_inst/si_data_fifo_bank/gen_fifo_slot[1].data_fifo_inst/gen_fifo.fifo_gen_inst/inst_fifo_gen/gaxi_full_lite.gwrite_ch.gwdch2.axi_wdch/grf.rf/gntv_or_sync_fifo.gl0.rd/gr1.gr1_int.rfwft/empty_fwft_i_reg) that has an active asychronous set or reset. This may cause corruption of the memory contents and/or read values when the set/reset is asserted and is not analyzed by the default static timing analysis. It is suggested to eliminate the use of a set/reset to registers driving this RAMB pin or else use a synchronous reset in which the assertion of the reset is timed by default.
WARNING: [DRC REQP-1839] RAMB36 async control check: The RAMB36E1 mig_axi_interconnect/inst/axi_interconnect_inst/mi_data_fifo_bank/gen_fifo_slot[0].data_fifo_inst/gen_fifo.fifo_gen_inst/inst_fifo_gen/gaxi_full_lite.gwrite_ch.gwdch2.axi_wdch/grf.rf/gntv_or_sync_fifo.mem/gbm.gbmg.gbmga.ngecc.bmg/inst_blk_mem_gen/gnbram.gnativebmg.native_blk_mem_gen/valid.cstr/ramloop[0].ram.r/prim_noinit.ram/DEVICE_7SERIES.NO_BMM_INFO.SDP.WIDE_PRIM36_NO_ECC.ram has an input control pin mig_axi_interconnect/inst/axi_interconnect_inst/mi_data_fifo_bank/gen_fifo_slot[0].data_fifo_inst/gen_fifo.fifo_gen_inst/inst_fifo_gen/gaxi_full_lite.gwrite_ch.gwdch2.axi_wdch/grf.rf/gntv_or_sync_fifo.mem/gbm.gbmg.gbmga.ngecc.bmg/inst_blk_mem_gen/gnbram.gnativebmg.native_blk_mem_gen/valid.cstr/ramloop[0].ram.r/prim_noinit.ram/DEVICE_7SERIES.NO_BMM_INFO.SDP.WIDE_PRIM36_NO_ECC.ram/WEBWE[7] (net: mig_axi_interconnect/inst/axi_interconnect_inst/mi_data_fifo_bank/gen_fifo_slot[0].data_fifo_inst/gen_fifo.fifo_gen_inst/inst_fifo_gen/gaxi_full_lite.gwrite_ch.gwdch2.axi_wdch/grf.rf/gntv_or_sync_fifo.mem/gbm.gbmg.gbmga.ngecc.bmg/inst_blk_mem_gen/gnbram.gnativebmg.native_blk_mem_gen/valid.cstr/ramloop[0].ram.r/prim_noinit.ram/E[0]) which is driven by a register (mig_axi_interconnect/inst/axi_interconnect_inst/si_data_fifo_bank/gen_fifo_slot[2].data_fifo_inst/gen_fifo.fifo_gen_inst/inst_fifo_gen/gaxi_full_lite.gwrite_ch.gwdch2.axi_wdch/grf.rf/gntv_or_sync_fifo.gl0.rd/gr1.gr1_int.rfwft/empty_fwft_i_reg) that has an active asychronous set or reset. This may cause corruption of the memory contents and/or read values when the set/reset is asserted and is not analyzed by the default static timing analysis. It is suggested to eliminate the use of a set/reset to registers driving this RAMB pin or else use a synchronous reset in which the assertion of the reset is timed by default.
WARNING: [DRC REQP-1840] RAMB18 async control check: The RAMB18E1 cpu_mid/backendArea_core/dataCache/logic_dataMem_0_3_symbol1_reg has an input control pin cpu_mid/backendArea_core/dataCache/logic_dataMem_0_3_symbol1_reg/ADDRARDADDR[11] (net: cpu_mid/backendArea_core/dataCache/_zz_logic_dataOutputs_0_3_5[7]) which is driven by a register (u_debug_top/u_trace_debug/break_flag_reg) that has an active asychronous set or reset. This may cause corruption of the memory contents and/or read values when the set/reset is asserted and is not analyzed by the default static timing analysis. It is suggested to eliminate the use of a set/reset to registers driving this RAMB pin or else use a synchronous reset in which the assertion of the reset is timed by default.
WARNING: [DRC REQP-1840] RAMB18 async control check: The RAMB18E1 cpu_mid/backendArea_core/dataCache/logic_dataMem_0_3_symbol1_reg has an input control pin cpu_mid/backendArea_core/dataCache/logic_dataMem_0_3_symbol1_reg/ADDRARDADDR[11] (net: cpu_mid/backendArea_core/dataCache/_zz_logic_dataOutputs_0_3_5[7]) which is driven by a register (u_debug_top/u_trace_debug/break_pc_reg[0]) that has an active asychronous set or reset. This may cause corruption of the memory contents and/or read values when the set/reset is asserted and is not analyzed by the default static timing analysis. It is suggested to eliminate the use of a set/reset to registers driving this RAMB pin or else use a synchronous reset in which the assertion of the reset is timed by default.
WARNING: [DRC REQP-1840] RAMB18 async control check: The RAMB18E1 cpu_mid/backendArea_core/dataCache/logic_dataMem_0_3_symbol1_reg has an input control pin cpu_mid/backendArea_core/dataCache/logic_dataMem_0_3_symbol1_reg/ADDRARDADDR[11] (net: cpu_mid/backendArea_core/dataCache/_zz_logic_dataOutputs_0_3_5[7]) which is driven by a register (u_debug_top/u_trace_debug/break_pc_reg[10]) that has an active asychronous set or reset. This may cause corruption of the memory contents and/or read values when the set/reset is asserted and is not analyzed by the default static timing analysis. It is suggested to eliminate the use of a set/reset to registers driving this RAMB pin or else use a synchronous reset in which the assertion of the reset is timed by default.
WARNING: [DRC REQP-1840] RAMB18 async control check: The RAMB18E1 cpu_mid/backendArea_core/dataCache/logic_dataMem_0_3_symbol1_reg has an input control pin cpu_mid/backendArea_core/dataCache/logic_dataMem_0_3_symbol1_reg/ADDRARDADDR[11] (net: cpu_mid/backendArea_core/dataCache/_zz_logic_dataOutputs_0_3_5[7]) which is driven by a register (u_debug_top/u_trace_debug/break_pc_reg[11]) that has an active asychronous set or reset. This may cause corruption of the memory contents and/or read values when the set/reset is asserted and is not analyzed by the default static timing analysis. It is suggested to eliminate the use of a set/reset to registers driving this RAMB pin or else use a synchronous reset in which the assertion of the reset is timed by default.
WARNING: [DRC REQP-1840] RAMB18 async control check: The RAMB18E1 cpu_mid/backendArea_core/dataCache/logic_dataMem_0_3_symbol1_reg has an input control pin cpu_mid/backendArea_core/dataCache/logic_dataMem_0_3_symbol1_reg/ADDRARDADDR[11] (net: cpu_mid/backendArea_core/dataCache/_zz_logic_dataOutputs_0_3_5[7]) which is driven by a register (u_debug_top/u_trace_debug/break_pc_reg[12]) that has an active asychronous set or reset. This may cause corruption of the memory contents and/or read values when the set/reset is asserted and is not analyzed by the default static timing analysis. It is suggested to eliminate the use of a set/reset to registers driving this RAMB pin or else use a synchronous reset in which the assertion of the reset is timed by default.
WARNING: [DRC REQP-1840] RAMB18 async control check: The RAMB18E1 cpu_mid/backendArea_core/dataCache/logic_dataMem_0_3_symbol1_reg has an input control pin cpu_mid/backendArea_core/dataCache/logic_dataMem_0_3_symbol1_reg/ADDRARDADDR[11] (net: cpu_mid/backendArea_core/dataCache/_zz_logic_dataOutputs_0_3_5[7]) which is driven by a register (u_debug_top/u_trace_debug/break_pc_reg[13]) that has an active asychronous set or reset. This may cause corruption of the memory contents and/or read values when the set/reset is asserted and is not analyzed by the default static timing analysis. It is suggested to eliminate the use of a set/reset to registers driving this RAMB pin or else use a synchronous reset in which the assertion of the reset is timed by default.
WARNING: [DRC REQP-1840] RAMB18 async control check: The RAMB18E1 cpu_mid/backendArea_core/dataCache/logic_dataMem_0_3_symbol1_reg has an input control pin cpu_mid/backendArea_core/dataCache/logic_dataMem_0_3_symbol1_reg/ADDRARDADDR[11] (net: cpu_mid/backendArea_core/dataCache/_zz_logic_dataOutputs_0_3_5[7]) which is driven by a register (u_debug_top/u_trace_debug/break_pc_reg[14]) that has an active asychronous set or reset. This may cause corruption of the memory contents and/or read values when the set/reset is asserted and is not analyzed by the default static timing analysis. It is suggested to eliminate the use of a set/reset to registers driving this RAMB pin or else use a synchronous reset in which the assertion of the reset is timed by default.
WARNING: [DRC REQP-1840] RAMB18 async control check: The RAMB18E1 cpu_mid/backendArea_core/dataCache/logic_dataMem_0_3_symbol1_reg has an input control pin cpu_mid/backendArea_core/dataCache/logic_dataMem_0_3_symbol1_reg/ADDRARDADDR[11] (net: cpu_mid/backendArea_core/dataCache/_zz_logic_dataOutputs_0_3_5[7]) which is driven by a register (u_debug_top/u_trace_debug/break_pc_reg[15]) that has an active asychronous set or reset. This may cause corruption of the memory contents and/or read values when the set/reset is asserted and is not analyzed by the default static timing analysis. It is suggested to eliminate the use of a set/reset to registers driving this RAMB pin or else use a synchronous reset in which the assertion of the reset is timed by default.
WARNING: [DRC REQP-1840] RAMB18 async control check: The RAMB18E1 cpu_mid/backendArea_core/dataCache/logic_dataMem_0_3_symbol1_reg has an input control pin cpu_mid/backendArea_core/dataCache/logic_dataMem_0_3_symbol1_reg/ADDRARDADDR[11] (net: cpu_mid/backendArea_core/dataCache/_zz_logic_dataOutputs_0_3_5[7]) which is driven by a register (u_debug_top/u_trace_debug/break_pc_reg[16]) that has an active asychronous set or reset. This may cause corruption of the memory contents and/or read values when the set/reset is asserted and is not analyzed by the default static timing analysis. It is suggested to eliminate the use of a set/reset to registers driving this RAMB pin or else use a synchronous reset in which the assertion of the reset is timed by default.
WARNING: [DRC REQP-1840] RAMB18 async control check: The RAMB18E1 cpu_mid/backendArea_core/dataCache/logic_dataMem_0_3_symbol1_reg has an input control pin cpu_mid/backendArea_core/dataCache/logic_dataMem_0_3_symbol1_reg/ADDRARDADDR[11] (net: cpu_mid/backendArea_core/dataCache/_zz_logic_dataOutputs_0_3_5[7]) which is driven by a register (u_debug_top/u_trace_debug/break_pc_reg[17]) that has an active asychronous set or reset. This may cause corruption of the memory contents and/or read values when the set/reset is asserted and is not analyzed by the default static timing analysis. It is suggested to eliminate the use of a set/reset to registers driving this RAMB pin or else use a synchronous reset in which the assertion of the reset is timed by default.
WARNING: [DRC REQP-1840] RAMB18 async control check: The RAMB18E1 cpu_mid/backendArea_core/dataCache/logic_dataMem_0_3_symbol1_reg has an input control pin cpu_mid/backendArea_core/dataCache/logic_dataMem_0_3_symbol1_reg/ADDRARDADDR[11] (net: cpu_mid/backendArea_core/dataCache/_zz_logic_dataOutputs_0_3_5[7]) which is driven by a register (u_debug_top/u_trace_debug/break_pc_reg[18]) that has an active asychronous set or reset. This may cause corruption of the memory contents and/or read values when the set/reset is asserted and is not analyzed by the default static timing analysis. It is suggested to eliminate the use of a set/reset to registers driving this RAMB pin or else use a synchronous reset in which the assertion of the reset is timed by default.
WARNING: [DRC REQP-1840] RAMB18 async control check: The RAMB18E1 cpu_mid/backendArea_core/dataCache/logic_dataMem_0_3_symbol1_reg has an input control pin cpu_mid/backendArea_core/dataCache/logic_dataMem_0_3_symbol1_reg/ADDRARDADDR[11] (net: cpu_mid/backendArea_core/dataCache/_zz_logic_dataOutputs_0_3_5[7]) which is driven by a register (u_debug_top/u_trace_debug/break_pc_reg[19]) that has an active asychronous set or reset. This may cause corruption of the memory contents and/or read values when the set/reset is asserted and is not analyzed by the default static timing analysis. It is suggested to eliminate the use of a set/reset to registers driving this RAMB pin or else use a synchronous reset in which the assertion of the reset is timed by default.
WARNING: [DRC REQP-1840] RAMB18 async control check: The RAMB18E1 cpu_mid/backendArea_core/dataCache/logic_dataMem_0_3_symbol1_reg has an input control pin cpu_mid/backendArea_core/dataCache/logic_dataMem_0_3_symbol1_reg/ADDRARDADDR[11] (net: cpu_mid/backendArea_core/dataCache/_zz_logic_dataOutputs_0_3_5[7]) which is driven by a register (u_debug_top/u_trace_debug/break_pc_reg[1]) that has an active asychronous set or reset. This may cause corruption of the memory contents and/or read values when the set/reset is asserted and is not analyzed by the default static timing analysis. It is suggested to eliminate the use of a set/reset to registers driving this RAMB pin or else use a synchronous reset in which the assertion of the reset is timed by default.
WARNING: [DRC REQP-1840] RAMB18 async control check: The RAMB18E1 cpu_mid/backendArea_core/dataCache/logic_dataMem_0_3_symbol1_reg has an input control pin cpu_mid/backendArea_core/dataCache/logic_dataMem_0_3_symbol1_reg/ADDRARDADDR[11] (net: cpu_mid/backendArea_core/dataCache/_zz_logic_dataOutputs_0_3_5[7]) which is driven by a register (u_debug_top/u_trace_debug/break_pc_reg[20]) that has an active asychronous set or reset. This may cause corruption of the memory contents and/or read values when the set/reset is asserted and is not analyzed by the default static timing analysis. It is suggested to eliminate the use of a set/reset to registers driving this RAMB pin or else use a synchronous reset in which the assertion of the reset is timed by default.
WARNING: [DRC REQP-1840] RAMB18 async control check: The RAMB18E1 cpu_mid/backendArea_core/dataCache/logic_dataMem_0_3_symbol1_reg has an input control pin cpu_mid/backendArea_core/dataCache/logic_dataMem_0_3_symbol1_reg/ADDRARDADDR[11] (net: cpu_mid/backendArea_core/dataCache/_zz_logic_dataOutputs_0_3_5[7]) which is driven by a register (u_debug_top/u_trace_debug/break_pc_reg[21]) that has an active asychronous set or reset. This may cause corruption of the memory contents and/or read values when the set/reset is asserted and is not analyzed by the default static timing analysis. It is suggested to eliminate the use of a set/reset to registers driving this RAMB pin or else use a synchronous reset in which the assertion of the reset is timed by default.
WARNING: [DRC REQP-1840] RAMB18 async control check: The RAMB18E1 cpu_mid/backendArea_core/dataCache/logic_dataMem_0_3_symbol1_reg has an input control pin cpu_mid/backendArea_core/dataCache/logic_dataMem_0_3_symbol1_reg/ADDRARDADDR[11] (net: cpu_mid/backendArea_core/dataCache/_zz_logic_dataOutputs_0_3_5[7]) which is driven by a register (u_debug_top/u_trace_debug/break_pc_reg[22]) that has an active asychronous set or reset. This may cause corruption of the memory contents and/or read values when the set/reset is asserted and is not analyzed by the default static timing analysis. It is suggested to eliminate the use of a set/reset to registers driving this RAMB pin or else use a synchronous reset in which the assertion of the reset is timed by default.
WARNING: [DRC REQP-1840] RAMB18 async control check: The RAMB18E1 cpu_mid/backendArea_core/dataCache/logic_dataMem_0_3_symbol1_reg has an input control pin cpu_mid/backendArea_core/dataCache/logic_dataMem_0_3_symbol1_reg/ADDRARDADDR[11] (net: cpu_mid/backendArea_core/dataCache/_zz_logic_dataOutputs_0_3_5[7]) which is driven by a register (u_debug_top/u_trace_debug/break_pc_reg[23]) that has an active asychronous set or reset. This may cause corruption of the memory contents and/or read values when the set/reset is asserted and is not analyzed by the default static timing analysis. It is suggested to eliminate the use of a set/reset to registers driving this RAMB pin or else use a synchronous reset in which the assertion of the reset is timed by default.
WARNING: [DRC REQP-1840] RAMB18 async control check: The RAMB18E1 cpu_mid/backendArea_core/dataCache/logic_dataMem_0_3_symbol1_reg has an input control pin cpu_mid/backendArea_core/dataCache/logic_dataMem_0_3_symbol1_reg/ADDRARDADDR[11] (net: cpu_mid/backendArea_core/dataCache/_zz_logic_dataOutputs_0_3_5[7]) which is driven by a register (u_debug_top/u_trace_debug/break_pc_reg[24]) that has an active asychronous set or reset. This may cause corruption of the memory contents and/or read values when the set/reset is asserted and is not analyzed by the default static timing analysis. It is suggested to eliminate the use of a set/reset to registers driving this RAMB pin or else use a synchronous reset in which the assertion of the reset is timed by default.
WARNING: [DRC REQP-1840] RAMB18 async control check: The RAMB18E1 cpu_mid/backendArea_core/dataCache/logic_dataMem_0_3_symbol1_reg has an input control pin cpu_mid/backendArea_core/dataCache/logic_dataMem_0_3_symbol1_reg/ADDRARDADDR[11] (net: cpu_mid/backendArea_core/dataCache/_zz_logic_dataOutputs_0_3_5[7]) which is driven by a register (u_debug_top/u_trace_debug/break_pc_reg[25]) that has an active asychronous set or reset. This may cause corruption of the memory contents and/or read values when the set/reset is asserted and is not analyzed by the default static timing analysis. It is suggested to eliminate the use of a set/reset to registers driving this RAMB pin or else use a synchronous reset in which the assertion of the reset is timed by default.
WARNING: [DRC REQP-1840] RAMB18 async control check: The RAMB18E1 cpu_mid/backendArea_core/dataCache/logic_dataMem_0_3_symbol1_reg has an input control pin cpu_mid/backendArea_core/dataCache/logic_dataMem_0_3_symbol1_reg/ADDRARDADDR[11] (net: cpu_mid/backendArea_core/dataCache/_zz_logic_dataOutputs_0_3_5[7]) which is driven by a register (u_debug_top/u_trace_debug/break_pc_reg[26]) that has an active asychronous set or reset. This may cause corruption of the memory contents and/or read values when the set/reset is asserted and is not analyzed by the default static timing analysis. It is suggested to eliminate the use of a set/reset to registers driving this RAMB pin or else use a synchronous reset in which the assertion of the reset is timed by default.
WARNING: [DRC RTSTAT-10] No routable loads: 329 net(s) have no routable loads. The problem bus(es) and/or net(s) are mig_axi_interconnect/inst/axi_interconnect_inst/si_converter_bank/gen_conv_slot[1].clock_conv_inst/gen_async_readwrite.asyncfifo_rw/inst_fifo_gen/gaxi_full_lite.gread_ch.grdch2.axi_rdch/grf.rf/gntv_or_sync_fifo.gl0.rd/gr1.gr1_int.rfwft/aempty_fwft_i, mig_axi_interconnect/inst/axi_interconnect_inst/si_converter_bank/gen_conv_slot[2].gen_downsizer.downsizer_inst/USE_WRITE.write_addr_inst/USE_B_CHANNEL.cmd_b_queue/inst/fifo_gen_inst/inst_fifo_gen/gconvfifo.rf/grf.rf/gntv_or_sync_fifo.gl0.rd/gr1.gr1_int.rfwft/aempty_fwft_i, mig_axi_interconnect/inst/axi_interconnect_inst/si_converter_bank/gen_conv_slot[2].clock_conv_inst/gen_async_readwrite.asyncfifo_rw/inst_fifo_gen/gaxi_full_lite.gwrite_ch.gwrch2.axi_wrch/grf.rf/gntv_or_sync_fifo.gl0.rd/gr1.gr1_int.rfwft/aempty_fwft_i, AXI_CLK_CONVERTER/inst/gen_clock_conv.gen_async_conv.asyncfifo_axi/inst_fifo_gen/gaxi_full_lite.gwrite_ch.gwdch2.axi_wdch/grf.rf/gntv_or_sync_fifo.gl0.rd/gr1.gr1_int.rfwft/aempty_fwft_i, AXI_CLK_CONVERTER/inst/gen_clock_conv.gen_async_conv.asyncfifo_axi/inst_fifo_gen/gaxi_full_lite.gread_ch.grdch2.axi_rdch/grf.rf/gntv_or_sync_fifo.gl0.rd/gr1.gr1_int.rfwft/aempty_fwft_i, mig_axi_interconnect/inst/axi_interconnect_inst/si_converter_bank/gen_conv_slot[2].gen_downsizer.downsizer_inst/USE_READ.read_addr_inst/USE_BURSTS.cmd_queue/inst/fifo_gen_inst/inst_fifo_gen/gconvfifo.rf/grf.rf/gntv_or_sync_fifo.gl0.rd/gr1.gr1_int.rfwft/aempty_fwft_i, mig_axi_interconnect/inst/axi_interconnect_inst/si_data_fifo_bank/gen_fifo_slot[2].data_fifo_inst/gen_fifo.fifo_gen_inst/inst_fifo_gen/gaxi_full_lite.gread_ch.grdch2.axi_rdch/grf.rf/gntv_or_sync_fifo.gl0.rd/gr1.gr1_int.rfwft/aempty_fwft_i, mig_axi_interconnect/inst/axi_interconnect_inst/si_converter_bank/gen_conv_slot[0].clock_conv_inst/gen_async_readwrite.asyncfifo_rw/inst_fifo_gen/gaxi_full_lite.gwrite_ch.gwach2.axi_wach/grf.rf/gntv_or_sync_fifo.gl0.rd/gr1.gr1_int.rfwft/aempty_fwft_i, mig_axi_interconnect/inst/axi_interconnect_inst/mi_data_fifo_bank/gen_fifo_slot[0].data_fifo_inst/gen_fifo.fifo_gen_inst/inst_fifo_gen/gaxi_full_lite.gread_ch.grdch2.axi_rdch/grf.rf/gntv_or_sync_fifo.gl0.rd/gr1.gr1_int.rfwft/aempty_fwft_i, mig_axi_interconnect/inst/axi_interconnect_inst/si_converter_bank/gen_conv_slot[1].clock_conv_inst/gen_async_readwrite.asyncfifo_rw/inst_fifo_gen/gaxi_full_lite.gwrite_ch.gwrch2.axi_wrch/grf.rf/gntv_or_sync_fifo.gl0.rd/gr1.gr1_int.rfwft/aempty_fwft_i, mig_axi_interconnect/inst/axi_interconnect_inst/mi_data_fifo_bank/gen_fifo_slot[0].data_fifo_inst/gen_fifo.fifo_gen_inst/inst_fifo_gen/gaxi_full_lite.gwrite_ch.gwdch2.axi_wdch/grf.rf/gntv_or_sync_fifo.gl0.rd/gr1.gr1_int.rfwft/aempty_fwft_i, mig_axi_interconnect/inst/axi_interconnect_inst/si_data_fifo_bank/gen_fifo_slot[1].data_fifo_inst/gen_fifo.fifo_gen_inst/inst_fifo_gen/gaxi_full_lite.gread_ch.grdch2.axi_rdch/grf.rf/gntv_or_sync_fifo.gl0.rd/gr1.gr1_int.rfwft/aempty_fwft_i, mig_axi_interconnect/inst/axi_interconnect_inst/si_data_fifo_bank/gen_fifo_slot[0].data_fifo_inst/gen_fifo.fifo_gen_inst/inst_fifo_gen/gaxi_full_lite.gread_ch.grdch2.axi_rdch/grf.rf/gntv_or_sync_fifo.gl0.rd/gr1.gr1_int.rfwft/aempty_fwft_i, mig_axi_interconnect/inst/axi_interconnect_inst/si_converter_bank/gen_conv_slot[0].clock_conv_inst/gen_async_readwrite.asyncfifo_rw/inst_fifo_gen/gaxi_full_lite.gwrite_ch.gwrch2.axi_wrch/grf.rf/gntv_or_sync_fifo.gl0.rd/gr1.gr1_int.rfwft/aempty_fwft_i, mig_axi_interconnect/inst/axi_interconnect_inst/si_data_fifo_bank/gen_fifo_slot[0].data_fifo_inst/gen_fifo.fifo_gen_inst/inst_fifo_gen/gaxi_full_lite.gwrite_ch.gwdch2.axi_wdch/grf.rf/gntv_or_sync_fifo.gl0.rd/gr1.gr1_int.rfwft/aempty_fwft_i... and (the first 15 of 205 listed).
INFO: [Vivado 12-3199] DRC finished with 0 Errors, 98 Warnings
INFO: [Vivado 12-3200] Please refer to the DRC report (report_drc) for more information.
INFO: [Designutils 20-2272] Running write_bitstream with 8 threads.
Loading data files...
Loading site data...
Loading route data...
Processing options...
Creating bitmap...
Creating bitstream...
Writing bitstream ./soc_top.bit...
INFO: [Vivado 12-1842] Bitgen Completed Successfully.
INFO: [Project 1-1876] WebTalk data collection is mandatory when using a ULT device. To see the specific WebTalk data collected for your design, open the usage_statistics_webtalk.html or usage_statistics_webtalk.xml file in the implementation directory.
INFO: [Common 17-83] Releasing license: Implementation
16 Infos, 98 Warnings, 0 Critical Warnings and 0 Errors encountered.
write_bitstream completed successfully
write_bitstream: Time (s): cpu = 00:01:16 ; elapsed = 00:00:36 . Memory (MB): peak = 4102.551 ; gain = 149.312 ; free physical = 634396 ; free virtual = 1008388
INFO: [Common 17-206] Exiting Vivado at Wed Jul 22 03:40:31 2026...
[Wed Jul 22 03:40:37 2026] impl_1 finished
wait_on_runs: Time (s): cpu = 00:02:22 ; elapsed = 00:15:21 . Memory (MB): peak = 1411.793 ; gain = 0.000 ; free physical = 637269 ; free virtual = 1011260
IMPL_STATUS=write_bitstream Complete!
IMPL_PROGRESS=100%
INFO: [Device 21-403] Loading part xc7a200tfbg676-2
Netlist sorting complete. Time (s): cpu = 00:00:00.47 ; elapsed = 00:00:00.47 . Memory (MB): peak = 1791.574 ; gain = 0.000 ; free physical = 636820 ; free virtual = 1010811
INFO: [Netlist 29-17] Analyzing 3802 Unisim elements for replacement
INFO: [Netlist 29-28] Unisim Transformation completed in 0 CPU seconds
INFO: [Project 1-479] Netlist was created with Vivado 2023.2
INFO: [Project 1-570] Preparing netlist for logic optimization
Read ShapeDB Complete: Time (s): cpu = 00:00:00.14 ; elapsed = 00:00:00.13 . Memory (MB): peak = 1932.887 ; gain = 0.000 ; free physical = 636693 ; free virtual = 1010684
INFO: [Timing 38-478] Restoring timing data from binary archive.
INFO: [Timing 38-479] Binary timing data restore complete.
INFO: [Project 1-856] Restoring constraints from binary archive.
INFO: [Project 1-853] Binary constraint restore complete.
INFO: [Designutils 20-5722] Start Reading Physical Databases.
Reading placement.
Read Netlist Cache: Time (s): cpu = 00:00:00.07 ; elapsed = 00:00:00.08 . Memory (MB): peak = 2590.199 ; gain = 0.000 ; free physical = 636090 ; free virtual = 1010081
Reading placer database...
Read Device Cache: Time (s): cpu = 00:00:00.01 ; elapsed = 00:00:00 . Memory (MB): peak = 2590.199 ; gain = 0.000 ; free physical = 636090 ; free virtual = 1010081
Read PlaceDB: Time (s): cpu = 00:00:03 ; elapsed = 00:00:03 . Memory (MB): peak = 2638.270 ; gain = 48.070 ; free physical = 636043 ; free virtual = 1010034
Read PulsedLatchDB: Time (s): cpu = 00:00:00 ; elapsed = 00:00:00 . Memory (MB): peak = 2638.270 ; gain = 0.000 ; free physical = 636043 ; free virtual = 1010034
Reading routing.
Read RouteStorage: Time (s): cpu = 00:00:01 ; elapsed = 00:00:01 . Memory (MB): peak = 2655.270 ; gain = 17.000 ; free physical = 636026 ; free virtual = 1010017
Read Physdb Files: Time (s): cpu = 00:00:04 ; elapsed = 00:00:04 . Memory (MB): peak = 2655.270 ; gain = 65.070 ; free physical = 636026 ; free virtual = 1010017
Restored from archive | CPU: 3.890000 secs | Memory: 69.398315 MB |
Finished XDEF File Restore: Time (s): cpu = 00:00:04 ; elapsed = 00:00:04 . Memory (MB): peak = 2655.270 ; gain = 68.039 ; free physical = 636026 ; free virtual = 1010017
Netlist sorting complete. Time (s): cpu = 00:00:00 ; elapsed = 00:00:00 . Memory (MB): peak = 2655.270 ; gain = 0.000 ; free physical = 636026 ; free virtual = 1010017
INFO: [Project 1-111] Unisim Transformation Summary:
  A total of 403 instances were transformed.
  IOBUF => IOBUF (IBUF, OBUFT): 55 instances
  IOBUFDS_DIFF_OUT_INTERMDISABLE => IOBUFDS_DIFF_OUT_INTERMDISABLE (IBUFDS_INTERMDISABLE_INT(x2), INV, OBUFTDS(x2)): 2 instances
  LUT6_2 => LUT6_2 (LUT5, LUT6): 15 instances
  OBUFDS => OBUFDS_DUAL_BUF (INV, OBUFDS(x2)): 1 instance 
  RAM32M => RAM32M (RAMD32(x6), RAMS32(x2)): 300 instances
  RAM32X1D => RAM32X1D (RAMD32(x2)): 21 instances
  RAM64M => RAM64M (RAMD64E(x4)): 6 instances
  SRLC32E => SRL16E: 3 instances

open_run: Time (s): cpu = 00:00:23 ; elapsed = 00:00:24 . Memory (MB): peak = 2655.305 ; gain = 1243.512 ; free physical = 636025 ; free virtual = 1010016
INFO: [Timing 38-91] UpdateTimingParams: Speed grade: -2, Delay Type: min_max.
INFO: [Timing 38-191] Multithreading enabled for timing update using a maximum of 8 CPUs
WARNING: [Timing 38-436] There are set_bus_skew constraint(s) in this design. Please run report_bus_skew to ensure that bus skew requirements are met.
report_timing_summary: Time (s): cpu = 00:00:26 ; elapsed = 00:00:07 . Memory (MB): peak = 2846.891 ; gain = 191.586 ; free physical = 635836 ; free virtual = 1009838
report_clock_utilization: Time (s): cpu = 00:00:09 ; elapsed = 00:00:05 . Memory (MB): peak = 2932.672 ; gain = 85.781 ; free physical = 635817 ; free virtual = 1009820
Command: report_drc -file /home/geekpie/work/chiplab-usb-20260722/artifacts-system-usb-cpu40-uncore100/drc.txt
INFO: [IP_Flow 19-1839] IP Catalog is up to date.
INFO: [DRC 23-27] Running DRC with 8 threads
INFO: [Vivado_Tcl 2-168] The results of DRC are in file /home/geekpie/work/chiplab-usb-20260722/artifacts-system-usb-cpu40-uncore100/drc.txt.
report_drc completed successfully
Command: report_methodology -file /home/geekpie/work/chiplab-usb-20260722/artifacts-system-usb-cpu40-uncore100/methodology.txt
INFO: [Timing 38-35] Done setting XDC timing constraints.
INFO: [DRC 23-133] Running Methodology with 8 threads
INFO: [Vivado_Tcl 2-1520] The results of Report Methodology are in file /home/geekpie/work/chiplab-usb-20260722/artifacts-system-usb-cpu40-uncore100/methodology.txt.
report_methodology completed successfully
report_methodology: Time (s): cpu = 00:00:42 ; elapsed = 00:00:12 . Memory (MB): peak = 3138.453 ; gain = 0.000 ; free physical = 635712 ; free virtual = 1009714
INFO: [Timing 38-480] Writing timing data to binary archive.
Write ShapeDB Complete: Time (s): cpu = 00:00:00.63 ; elapsed = 00:00:00.14 . Memory (MB): peak = 3138.453 ; gain = 0.000 ; free physical = 635704 ; free virtual = 1009717
Wrote PlaceDB: Time (s): cpu = 00:00:08 ; elapsed = 00:00:03 . Memory (MB): peak = 3138.453 ; gain = 0.000 ; free physical = 635633 ; free virtual = 1009712
Wrote PulsedLatchDB: Time (s): cpu = 00:00:00 ; elapsed = 00:00:00 . Memory (MB): peak = 3138.453 ; gain = 0.000 ; free physical = 635633 ; free virtual = 1009712
Writing XDEF routing.
Writing XDEF routing logical nets.
Writing XDEF routing special nets.
Wrote RouteStorage: Time (s): cpu = 00:00:00.63 ; elapsed = 00:00:00.65 . Memory (MB): peak = 3138.453 ; gain = 0.000 ; free physical = 635623 ; free virtual = 1009712
Wrote Netlist Cache: Time (s): cpu = 00:00:00.07 ; elapsed = 00:00:00.08 . Memory (MB): peak = 3138.453 ; gain = 0.000 ; free physical = 635618 ; free virtual = 1009712
Wrote Device Cache: Time (s): cpu = 00:00:00.01 ; elapsed = 00:00:00.01 . Memory (MB): peak = 3138.453 ; gain = 0.000 ; free physical = 635618 ; free virtual = 1009712
Write Physdb Complete: Time (s): cpu = 00:00:09 ; elapsed = 00:00:04 . Memory (MB): peak = 3138.453 ; gain = 0.000 ; free physical = 635618 ; free virtual = 1009712
INFO: [Common 17-1381] The checkpoint '/home/geekpie/work/chiplab-usb-20260722/artifacts-system-usb-cpu40-uncore100/soc_top-routed.dcp' has been generated.
write_checkpoint: Time (s): cpu = 00:00:12 ; elapsed = 00:00:07 . Memory (MB): peak = 3138.453 ; gain = 0.000 ; free physical = 635685 ; free virtual = 1009712
WNS=0.011456
TNS=0.000000
DRC_ERRORS=0
BITSTREAM=/home/geekpie/work/chiplab-usb-20260722/artifacts-system-usb-cpu40-uncore100/soc_top-ad6551-cpu40-uncore100.bit
# catch {close_project}
# exit $exit_code
INFO: [Common 17-206] Exiting Vivado at Wed Jul 22 03:41:40 2026...
